"id_region";"region"
7010;"Бирма"
7009;"Бенин"
7008;"Бельгия"
7007;"Барбадос"
7006;"Бангладеш"
7004;"Аргентина"
7005;"БМ"
7003;"Ангола (НРА)"
7002;"Алжир (Эль-Джезаир)"
7001;"Австралия"
3999;"порт РФ"
3327;"Рачжин (Наджин)КНДР/"
3326;"Хабаровск/ДВ/"
3325;"Владив.торговый порт/ДВ/"
3322;"Мысовой/ДВ/"
3321;"П-Камч.торговый порт/ДВ/"
3320;"Северо-Эвенск/ДВ/"
3319;"Северодвинск/СБ/"
3318;"Сидими/ДВ/"
3317;"Пластун/ДВ/"
3316;"Эгвекинот/ДВ/"
3315;"Бухта Лаврова/ДВ/"
3314;"Малая Кема/ДВ/"
3313;"Уэлен/ДВ/"
3312;"Рыбак/ДВ/"
3311;"Попов о./ДВ/"
3310;"Находк.торговый порт/ДВ/"
3309;"Ука/ДВ/"
3308;"Снежногорск/СБ/"
3307;"Ура-Губа/СБ/"
3306;"Ломоносов/БМ/"
3305;"Вистино/БМ/"
3304;"Каспийск/КБ/"
3303;"Амдерма/СБ/"
3302;"Кулонга/БМ/"
3301;"Бердянск/Украина/"
3300;"Ясенск/Украина/"
3299;"Ялта/ЧМ/"
3298;"Черноморское/ЧМ/"
3297;"Херсон/Украина/"
3296;"Феодосия/ЧМ/"
3295;"Утришек/ЧМ/"
3294;"Туапсе/ЧМ/"
3293;"Темрюк/ЧМ/"
3292;"Тамань/ЧМ/"
3291;"Таганрог/ЧМ/"
3290;"Сухуми/Грузия/"
3289;"Судак/ЧМ/"
3288;"Сочи/ЧМ/"
3287;"Скадовск/Украина/"
3286;"Сипягино/ЧМ/"
3285;"Севастополь/ЧМ/"
3284;"Ростов-на-Дону/ЧМ/"
3283;"Приморско-Ахтарск/ЧМ/"
3282;"Поти/Грузия/"
3281;"Очаков/Украина/"
3280;"Одесса/Украина/"
3279;"Новороссийск/ЧМ/"
3278;"Николаев/Украина/"
3277;"Мариуполь/ЧМ/"
3276;"Ливадия/ЧМ/"
3275;"Керчь/ЧМ/"
3274;"Ильичевск/Украина/"
3273;"Измаил/Украина/"
3272;"Ейск/ЧМ/"
3271;"Евпатория/ЧМ/"
3270;"Геническ/Украина/"
3269;"Геленджик/ЧМ/"
3268;"Вилково/Украина/"
3267;"Батуми/Грузия/"
3266;"Ачуево/ЧМ/"
3265;"Аршинцево/ЧМ/"
3264;"Анапа/ЧМ/"
3263;"Алупка/ЧМ/"
3262;"Азов/ЧМ/"
3261;"Адлер/ЧМ/"
3260;"Шпицберген о./СБ/"
3259;"Харловка/СБ/"
3258;"Умба/СБ/"
3257;"Тюва губа/СБ/"
3256;"Териберка/СБ/"
3255;"Североморск/СБ/"
3254;"Салехард/СБ/"
3253;"Поной/СБ/"
3252;"Полярный/СБ/"
3251;"Печенга/СБ/"
3250;"Петрозаводск/СБ/"
3249;"Онега/СБ/"
3248;"Нарьян-Мар/СБ/"
3247;"Мурманск/СБ/"
3245;"Мезень/СБ/"
3244;"Медвежий о./СБ/"
3243;"Лумбовка/СБ/"
3242;"Колгуев о./СБ/"
3241;"Ковда/СБ/"
3240;"Кемь/СБ/"
3239;"Канин нос м./СБ/"
3238;"Кандалакша/СБ/"
3237;"Иоканка/СБ/"
3236;"Игарка/СБ/"
3235;"Зап. Кильдин/СБ/"
3234;"Дудинка/СБ/"
3233;"Диксон/СБ/"
3232;"Дальние Зеленцы/СБ/"
3231;"Владимир/СБ/"
3230;"Вайгач о./СБ/"
3229;"Бугрино/СБ/"
3228;"Беломорск/СБ/"
3227;"Архангельск/СБ/"
3226;"Форт-Шевченко/Казахстан/"
3225;"Пирсагат/Азербайджан/"
3224;"Махачкала/КБ/"
3223;"Ленкорань/Азербайджан/"
3222;"Красноводск/Туркмения/"
3221;"Дербент/КБ/"
3220;"Гурьев/Казахстан/"
3219;"Гоусан м./Азербайджан/"
3218;"Бекдаш/Туркмения/"
3217;"Баутино/Казахстан/"
3216;"Баку/Азербайджан/"
3215;"Астрахань/КБ/"
3214;"Актау/Казахстан/"
3213;"Яблочный/ДВ/"
3212;"Южно-Сахалинск/ДВ/"
3211;"Южно-Морской/ДВ/"
3210;"Южно-Курильск/ДВ/"
3209;"Эвенск/ДВ/"
3208;"Шмидта о./ДВ/"
3207;"Шикотан о./ДВ/"
3206;"Sinpo (Шестаков) /КНДР/"
3205;"Шахтерск/ДВ/"
3204;"Чумикан/ДВ/"
3203;"Чехов/ДВ/"
3202;"Центральный/ДВ/"
3201;"Хоэ/ДВ/"
3200;"Холмск/ДВ/"
3199;"Хатырка м./ДВ/"
3198;"Хатанга/ДВ/"
3197;"Хасан/ДВ/"
3196;"Хайрюзово/ДВ/"
3195;"Хайлюля/ДВ/"
3194;"Устьевое/ДВ/"
3193;"Усть-Хайрюзово/ДВ/"
3192;"Усть-Камчатск/ДВ/"
3191;"Успения/ДВ/"
3190;"Ульбея/ДВ/"
3189;"Углегорск/ДВ/"
3188;"Тятино/ДВ/"
3187;"Тыр/ДВ/"
3186;"Тымлат/ДВ/"
3185;"Тихая/ДВ/(камч.)"
3184;"Тиличики/ДВ/"
3183;"Тикси/ДВ/"
3182;"Терней/ДВ/"
3181;"Тельновск/ДВ/"
3180;"Тауйск/ДВ/"
3179;"Сусанино/ДВ/"
3178;"Стародубское/ДВ/"
3177;"Спафарьева о./ДВ/"
3176;"Советская/ДВ/"
3175;"Советская Гавань/ДВ/"
3174;"Славянка/ДВ/"
3173;"Славная/ДВ/"
3172;"Сероглазка/ДВ/"
3171;"Северо-Курильск/ДВ/"
3170;"Светлая/ДВ/"
3169;"Рыбновск/ДВ/"
3168;"Русская/ДВ/(камч.)"
3167;"Русаково/ДВ/"
3166;"Рудная пристань/ДВ/"
3165;"Рейдово/ДВ/"
3164;"Пымта/ДВ/"
3163;"Путятина о./ДВ/"
3162;"Провидения бух./ДВ/"
3161;"Преображение/ДВ/"
3160;"Правда/ДВ/"
3159;"Посьет/ДВ/"
3158;"Поронайск/ДВ/"
3157;"Подьяпольск/ДВ/"
3156;"Пионеры/ДВ/"
3155;"Петропавловск-Камч./ДВ/"
3154;"Пенжина у.р./ДВ/"
3153;"Певек/ДВ/"
3152;"Пахача/ДВ/"
3151;"Палана/ДВ/"
3150;"Охотск/ДВ/"
3149;"Островский/ДВ/"
3148;"Оссора/ДВ/"
3147;"Опала/ДВ/"
3146;"Олюторка/ДВ/"
3145;"Ольский (Завьялова о.)/ДВ/"
3144;"Ольга/ДВ/"
3143;"Ола/ДВ/"
3142;"Октябрьский/ДВ/"
3141;"Озерновский/ДВ/"
3140;"Озерная/ДВ/"
3139;"Ноглики/ДВ/"
3138;"Никольское/ДВ/"
3137;"Николаевск-на-Амуре/ДВ/"
3136;"Нижнее Пронге/ДВ/"
3135;"Нерпа/ДВ/"
3134;"Некрасовка/ДВ/"
3133;"Неводское/ДВ/"
3132;"Невельск/ДВ/"
3131;"Находка/ДВ/"
3130;"Наталии бух./ДВ/"
3129;"Надибаидзе/ДВ/"
3128;"Нагаево/ДВ/"
3127;"Мысовский (портпункт)/ДВ/"
3126;"Мыс Шмидта/ДВ/"
3125;"Москальво/ДВ/"
3124;"Моряк-рыболов/ДВ/"
3123;"Моржовая бух./ДВ/"
3122;"Ливадия/ДВ/"
3121;"Мгачи/ДВ/"
3119;"Макаров/ДВ/"
3118;"Маго/ДВ/"
3117;"Магадан/ДВ/"
3116;"Лорино/ДВ/"
3115;"Лифляндия/ДВ/"
3114;"Лаврентия/ДВ/"
3113;"Курильск/ДВ/"
3112;"Крутогорово/ДВ/"
3111;"Кроноки/ДВ/"
3110;"Красногорск/ДВ/"
3109;"Краковка/ДВ/"
3108;"Крабозаводск (порт)/ДВ/"
3107;"Кострома/ДВ/"
3106;"Косточко/ДВ/"
3105;"Корф/ДВ/"
3104;"Корсаков/ДВ/"
3103;"Консервный/ДВ/"
3102;"Командорский/ДВ/"
3101;"Козьмино/ДВ/"
3100;"Князево/ДВ/"
3099;"Китовый/ДВ/"
3097;"Карага/ДВ/"
3096;"Каменский нос/ДВ/"
3095;"Ича/ДВ/"
3094;"Исаенко/ДВ/"
3093;"Иня/ДВ/"
3092;"Инокентьевский/ДВ/"
3091;"Ильпинский м./ДВ/"
3090;"Ивашка/ДВ/"
3089;"Зеленый м./ДВ/"
3088;"Звездная/ДВ/"
3087;"Хасанский МКП (Зарубино)/ДВ/"
3086;"Жупаново/ДВ/"
3085;"Елабуга/ДВ/"
3084;"Душная/ДВ/"
3083;"Дудино/ДВ/"
3082;"Диомид/ДВ/"
3081;"Джигит/ДВ/"
3080;"Девятый вал о./ДВ/"
3079;"Де-Кастри/ДВ/"
3078;"Датта/ДВ/"
3077;"Головнино (Кунашир о.)/ДВ/"
3076;"Глубокая бух./ДВ/"
3075;"Гайдамак м./ДВ/"
3074;"Вывенка/ДВ/"
3073;"Воямполка у.р./ДВ/"
3072;"Вострецово/ДВ/"
3071;"Восточный порт/ДВ/"
3070;"Владимир/ДВ/"
3069;"Владивосток/ДВ/"
3068;"Великая Кема/ДВ/"
3067;"Ванино/ДВ/"
3066;"Валентин/ДВ/"
3065;"Бухта Касатка (о.Итуруп)/ДВ/"
3064;"Буревестник/ДВ/"
3063;"Бошняково/ДВ/"
3062;"Большого камня бух./ДВ/"
3061;"Большерецк/ДВ/"
3059;"Безымянная/ДВ/"
3058;"Безверхово/ДВ/"
3057;"Байково/ДВ/"
3056;"Бабья бух./ДВ/(камч.)"
3055;"Аян залив/ДВ/"
3054;"Атласово/ДВ/"
3053;"Армань/ДВ/"
3052;"Апука/ДВ/"
3051;"Анна/ДВ/"
3050;"Анива/ДВ/"
3049;"Анапка/ДВ/"
3048;"Анадырь у.р./ДВ/"
3047;"Амгу/ДВ/"
3046;"Александровск (Сах.)/ДВ/"
3045;"Авачинская губа/ДВ/"
3044;"Энгуре/Латвия/"
3043;"Швентой/Литва/"
3042;"Хаапсалу/Эстония/"
3041;"Усть-Нарва/Эстония/"
3040;"Усть-Луга/БМ/"
3039;"Таллинн/Эстония/"
3038;"Сурсадам/Эстония/"
3037;"Советск/БМ/"
3036;"Скулте/Латвия/"
3035;"Светлый/БМ/"
3034;"Салацгрива/Латвия/"
3033;"Рыбинск/БМ/"
3032;"Рухну (Рухну о.)/Эстония/"
3031;"Роя/Латвия/"
3030;"Рохукюла/Эстония/"
3029;"Рига/Латвия/"
3028;"Пярну/Эстония/"
3027;"Приморск (Калин. град. обл) /БМ/"
3026;"Полесск/БМ/"
3025;"Пионерск/БМ/"
3024;"Павилоста/Латвия/"
3023;"Насва/БМ/"
3022;"Мынту (Саарема о)/Эстония/"
3021;"Мийдуранд (рейд Таллинна)/Эстония/"
3020;"Мерсрагс/Латвия/"
3019;"Мамоново/БМ/"
3018;"Локса/Эстония/"
3017;"Лиепая/Латвия/"
3016;"Лиелупе/Латвия/"
3015;"Лехтма/Эстония/"
3014;"Санкт-Петербург/БМ/"
3013;"Куйвасту/Эстония/"
3012;"Кронштадт/БМ/"
3011;"Копли/Эстония/"
3010;"Колка/Латвия/"
3009;"Клайпеда/Литва/"
3008;"Кихелконне (Саарема о.)/Эстония/"
3007;"Кингисепп (Саарема о.)/Эстония/"
3006;"Калининград/БМ/"
3005;"Выборг/БМ/"
3004;"Виртсу/Эстония/"
3003;"Вентспилс/Латвия/"
3002;"Веере/Эстония/"
3001;"Балтийск/БМ/"
2999;"инпорт"
2781;"Зап.Сахал. №1 (СЗТО)"
2772;"Приморье. №2 (СЗТО)"
2771;"Приморье. № 1 (СЗТО)"
2753;"Вост.Сахал. (А) (СЗТО)"
2752;"Вост.Сахал. (Ю) (СЗТО)"
2751;"Вост.Сахал. (С) (СЗТО)"
2744;"Зап.Камч. №2 (СЗТО)"
2743;"Зап.Камч. №1 (СЗТО)"
2742;"Зап.Камч. (А) (СЗТО)"
2741;"Зап.Камч. (В) (СЗТО)"
2731;"Сев.Охотомор. №1 (СЗТО)"
2722;"Камчатско-Курильская №2 (СЗТО)"
2721;"Камчатско-Курильская №1 (СЗТО)"
4007;"Хомада/Япония в.ч.1/"
4008;"Тогиак/США з.ч./"
4009;"Нанджинг/Китай (КНР)/"
4010;"Хайчжоу/Китай (КНР)/"
4011;"Дзяньджин/Китай (КНР)/"
4012;"Райсут"
4013;"Анталья"
4014;"Акита-Фунагава"
4015;"Рейдово/ДВ (о.Итуруп)/"
4016;"Цукуми"
2035;"Бэйхай/Китай (КНР)/"
2034;"Олесунн/Норвегия ю.ч./"
2033;"Петерсбург (Аляска)/США з.ч./"
2032;"Тонхе/Южная Корея/"
2031;"Санбон/КНДР/"
2030;"Адак (Алеуты)/США з.ч."
2029;"Тогхо/Южная Корея/"
2028;"Понапе /Микронезия/"
2027;"Мунчхон /КНДР/"
2026;"Донхе (э) /Южная Корея"
2025;"Ашдод"
2024;"Грейвсенд/Великобритания в.ч./"
2023;"Ньюпорт/США в.ч.2/"
2022;"Беркли-Саунд (Фолкл.о-ва)/Бр.вл.в Ю.Атлан"
2021;"Финнснес/Норвегия с.ч./"
2020;"Снефиорд/Норвегия с.ч./"
2019;"Браттвог/Норвегия с.ч./"
2018;"Каофунг/Тайвань/"
2017;"Мукхохан/Южная Корея/"
2016;"Эскифьордур/Исландия/"
2015;"Бугейнес/Норвегия с.ч./"
2014;"Сторебе/Норвегия ю.ч./"
2013;"Эйдет/Норвегия с.ч./"
2012;"Ки-Уэст/США в.ч.1/"
2011;"Науру/о.Науру/"
2010;"Шуик (Каролин.о-ва)/Тихоок.вл.США/"
2009;"Торскен/Норвегия с.ч./"
2008;"Саморой/Норвегия с.ч./"
2007;"Везермюнде/ФРГ/"
2006;"Маджуро (Маршал.о-ва)/Тихоок.вл.США/"
2005;"Порт-Альма/Австралия/"
2004;"Таунсвилл/Австралия/"
2003;"Косичанг/Таиланд/"
2002;"Масей/Норвегия с.ч./"
2001;"Рауфархофн/Исландия/"
2000;"Хусавик/Исландия/"
1999;"Нантонг/Китай (КНР)/"
1998;"Гамвик/Норвегия с.ч./"
1997;"Лекнес/Норвегия с.ч./"
1996;"Бей-Робертс/Канада в.ч.1/"
1995;"Исигаки/Япония в.ч.1/"
1994;"Нанкин/Китай (КНР)/"
1993;"Такома/США з.ч./"
1992;"Вестманхавн (Фар.о-ва)/Дания/"
1991;"Кендари/Индонезия/"
1990;"Пенсакола/США в.ч.1/"
1989;"Норфолк/США в.ч.1/"
1988;"Травемюнде/ФРГ/"
1987;"Нанаймо/Канада з.ч./"
1986;"Имбитуба/Бразилия/"
1985;"Камейвер/Норвегия с.ч./"
1984;"Мале/Норвегия ю.ч./"
1983;"Саутенд-он-Си/Великобритания в.ч./"
1982;"Харлинген/Нидерланды/"
1981;"Сеньяхопен/Норвегия с.ч/"
1980;"Марианхамина (Мариехамн)"
1979;"Оксфьорд/Норвегия с.ч./"
1978;"Чатем/Великобритания в.ч./"
1977;"Ситра/Бахрейн/"
1976;"Бугенесет/Норвегия ю.ч./"
1975;"Тоурсхебн/Исландия/"
1974;"Анденес/Норвегия с.ч./"
1973;"Джексонвилл/США в.ч.1/"
1972;"Доха"
2612;"З.Беринг.зап.ч (СЗТО)"
1970;"Скрабстер/Великобритания в.ч./"
1969;"Исикари-Шинга/Япония з.ч./"
1968;"Дженерал Сантос/Филиппины/"
1967;"Бьерефьорд/Норвегия ю.ч./"
1966;"Гравеншон/Франция/"
1965;"Кунгсхамн/Швеция ю.ч./"
1964;"Болла/Норвегия с.ч./"
1963;"Квалсунд/Норвегия с.ч./"
1962;"Мюре/Норвегия с.ч./"
1961;"Кристоффервален/Норвегия с.ч./"
1960;"Хельнесунн/Норвегия с.ч./"
1959;"Кристиансанн/Норвегия ю.ч./"
1958;"Есвер/Норвегия с.ч./"
1957;"Трук/Тихоок.вл.США/"
1956;"Скроба/Норвегия с.ч./"
1955;"Сюккюльвен/Норвегия ю.ч./"
1954;"Понсе (П-то Рико о.)/США в.ч.1/"
1953;"Нурвоген/Норвегия ю.ч./"
1952;"Мидвог (Фар.о-ва)/Дания/"
1951;"Мехами/Норвегия с.ч./"
1950;"Лаукслетта/Норвегия с.ч./"
1949;"Гуам/Тихоок.вл.США/"
1948;"Ванвог/Норвегия с.ч./"
1947;"Викан/Норвегия ю.ч./"
1946;"Чжоушань/Китай (КНР)/"
1945;"Ла-Гулет/Тунис/"
1944;"Сан-Хосе/Коста-Рика/"
1943;"Сика/Индия/"
1942;"Шит-Харбор/Канада в.ч.1/"
1941;"Лонг-Понд/Канада в.ч.1/"
1940;"Ньюхейвен/Великобритания в.ч./"
1939;"Вановален/Норвегия с.ч./"
1938;"Батерст/Канада в.ч.1/"
1937;"Дикили/Турция/"
1936;"Нурлинанген/Норвегия с.ч./"
1935;"Чжаньцзян/Китай (КНР)/"
1934;"Фоли/Великобритания в.ч./"
1933;"Пор-Жером/Франция/"
1932;"Котор/Югославия/"
1931;"Эверетт/США з.ч./"
1930;"Илоило/Филиппины/"
1929;"Вопнафиордур/Исландия/"
1928;"Шиппеган/Канада в.ч.1/"
1927;"Хасвик/Норвегия с.ч./"
1926;"Сен-Дени (Реюньон о.)/Фр.вл.в Инд.океане/"
1925;"Сан-Антонио/Аргентина/"
1924;"Понта-Делгада (Азоры)/Португалия/"
1923;"Палембанг/Индонезия/"
1922;"Мельбу/Норвегия с.ч./"
1921;"Молей/Норвегия ю.ч./"
1920;"Халид (Шарджа)/ОАЭ/"
1919;"Клаксвик/Дания/"
1918;"Дигби/Канада в.ч.1/"
1917;"Вадсе/Норвегия с.ч./"
1916;"Бхавнагар"
1915;"Берлевог/Норвегия с.ч./"
1914;"Ардженшия/Канада в.ч.1/"
1913;"Тарава (Гилберта о-ва)/Бр.вл.в Океании/"
1912;"Акахутла/Сальвадор/"
1911;"Тампа/США в.ч.1/"
1910;"Пуэбла-дель-Караминьяль/Испания/"
1909;"Кан/Франция/"
1908;"Арату/Бразилия/"
1907;"Браунсвилл/США в.ч.1/"
1906;"Белаван/Индонезия/"
1905;"Морхед-Сити/США з.ч./"
1904;"Уэймут/Великобритания в.ч./"
1903;"Колобжег/Польша/"
1902;"Лединген/Норвегия с.ч./"
1901;"Сан-Франсиску-Ду-Сул/Бразилия/"
1900;"Порт-о-Пренс/Гаити/"
1899;"Порт-о-Баск/Канада в.ч.1/"
1898;"Масейо/Бразилия/"
1897;"Кабеделу/Бразилия/"
1896;"Измит/Турция/"
1895;"Лас-Пьедрас/Венесуэла/"
1894;"Маракайбо/Венесуэла/"
1893;"Ла-Гуайра/Венесуэла/"
1892;"Людериц/Намибия/"
1891;"Лимон/Коста-Рика/"
1890;"Сан-Хуан (П-то Рико о.)/США в.ч.1/"
1889;"Картахена/Колумбия/"
1888;"Барранкилья/Колумбия/"
1887;"Крус-Гранде/Чили/"
1886;"Корраль/Чили/"
1885;"Вордингборг/Дания/"
1884;"Аугуста/Италия/"
1883;"Лхоксемаве/Индонезия/"
1882;"Галфпорт/США в.ч.1/"
1881;"Хьстон/США в.ч.1/"
1880;"Эрмуполис/Греция/"
1879;"Монгла/Бангладеш/"
1878;"Мостаганем/Алжир (Эль-Джезаир)/"
1877;"Новый Орлеан/США в.ч.1/"
1876;"Немуро/Япония в.ч.1/"
1875;"Момбецу/Япония в.ч.2/"
1874;"Абасири/Япония в.ч.1/"
1873;"Ханасаки/Япония в.ч.1/"
1872;"Аланг/Индия/"
1871;"Малгрейв/Канада в.ч.1/"
1870;"Анкуд/Чили/"
1869;"Рокленд/США в.ч.2/"
1868;"Синт Николас (Аруба о.)/Нид.Вест-Индия/"
1867;"Окха"
1866;"Кандла/Индия/"
1865;"Даммам/Саудовская Аравия/"
1864;"Уджунгпанданг/Индонезия/"
1863;"Симминато/Япония в.ч.1/"
1862;"Сиаин/Филиппины/"
1861;"Тулаги (Соломоновы о-ва)/Бр.вл.в Океании/"
1860;"Беноа/Индонезия/"
1859;"Пунта Аренас/Чили/"
1858;"Хониара (Соломоновы о-ва)/Бр.вл.в Океании"
1857;"Порт-Морсби/Папуа-Новая Гвинея/"
1856;"Пхохан/Южная Корея/"
1855;"Чхунму/Южная Корея/"
1854;"Тоехаси/Япония з.ч./"
1853;"Цуруга/Япония з.ч./"
1852;"Курасики/Япония в.ч.1/"
1851;"Сома/Япония в.ч.2/"
1850;"Инике/Чили/"
1849;"Токопилья/Чили/"
1848;"Сантьяго/Чили/"
1847;"Толедо/Филиппины/"
1846;"Замбоанга/Филиппины/"
1845;"Таклобан/Филиппины/"
1844;"Давао/Филиппины/"
1843;"Районг/Таиланд/"
1842;"Грин-Бей/США в.ч.2/"
1841;"Сьюард/США з.ч./"
1840;"Бомонт/США в.ч.1/"
1839;"Паскагула/США в.ч.1/"
1838;"Санди-Пойнт/США в.ч.1/"
1837;"Кингстон/США в.ч.1/"
1836;"Элизабет/США в.ч.1/"
1835;"Ном/США з.ч./"
1834;"Джоржтаун/Сент-Винсент и Гренадины/"
1833;"Сулина/Румыния/"
1832;"Тулча/Румыния/"
1831;"Турну Северин/Румыния/"
1830;"Хобарт/Австралия/"
1829;"Пунта Дельгада/Чили/"
1828;"Лориньян/Португалия/"
1827;"Эль-Фуджайра/ОАЭ/"
1826;"Намсус/Норвегия ю.ч./"
1825;"Уонгануи/Новая Зеландия/"
1824;"Крайстчерч/Новая Зеландия/"
1823;"Делфзейл/Нидерланды/"
1822;"Дордрехт/Нидерланды/"
1821;"Мансанильо/Мексика/"
1820;"Гуаймас/Мексика/"
1819;"Мале/Мальдивы/"
1818;"Виктория/Малайзия/"
1817;"Никеро/Куба/"
1816;"Мансанильо/Куба/"
1815;"Сонним/КНДР/"
1814;"Хаймынь/Китай (КНР)/"
1813;"Нинбо/Китай (КНР)/"
1812;"Вэньчжоу/Китай (КНР)/"
1811;"Даньдун/Китай (КНР)/"
1810;"Ханчжоу/Китай (КНР)/"
1809;"Хайкоу/Китай (КНР)/"
1808;"Стьюарт/Канада з.ч./"
1807;"Трапани/Италия/"
1806;"Санта-Эухения/Испания/"
1805;"Банджармасин/Индонезия/"
1804;"Панджанг/Индонезия/"
1803;"Какинада/Индия/"
1802;"Дахла/Западная Сахара/"
1801;"Калана/Эстония/"
1800;"Варде/Дания/"
1799;"Превеза/Греция/"
1798;"Лоустофт/Великобритания в.ч.1/"
1797;"Лондондерри/Великобритания з.ч./"
1796;"Манама/Бахрейн/"
1795;"Стивенвилл/Канада в.ч.1/"
1794;"Калета-Оливия/Аргентина/"
1793;"Пуэрто-Десеадо/Аргентина/"
1792;"Кейк (Аляска)/США з.ч./"
1791;"Виктория/Канада з.ч./"
1790;"Ратмаллан/Ирландия/"
1789;"Фукуока/Япония з.ч./"
1788;"Тояма/Япония з.ч./"
1787;"Симоносеки/Япония з.ч./"
1786;"Сасебо/Япония з.ч./"
1785;"Саката/Япония з.ч./"
1784;"Сакаиминато/Япония з.ч./"
1783;"Румои/Япония з.ч./"
1782;"Отару/Япония з.ч./"
1781;"Омута/Япония з.ч./"
1780;"Ога/Япония з.ч./"
1779;"Ниигата/Япония з.ч./"
1778;"Нанао/Япония з.ч./"
1777;"Нагасаки/Япония з.ч./"
1776;"Модзи/Япония з.ч./"
1775;"Майдзуру/Япония з.ч./"
1774;"Кокура/Япония з.ч./"
1773;"Кита-Кюсю/Япония з.ч./"
1772;"Карацу/Япония з.ч./"
1771;"Вакканай/Япония з.ч./"
1770;"Вакамацу/Япония з.ч./"
1769;"Акита/Япония з.ч./"
1768;"Сендай/Япония в.ч.2/"
1767;"Сакаи/Япония в.ч.2/"
1766;"Хитати/Япония в.ч.1/"
1765;"Хиросима/Япония в.ч.1/"
1764;"Химедзи/Япония в.ч.1/"
1763;"Хатинохе/Япония в.ч.1/"
1762;"Хакодате/Япония в.ч.1/"
1761;"Хаката/Япония в.ч.1/"
1760;"Фунабаси/Япония в.ч.1/"
1759;"Фукуяма/Япония в.ч.1/"
2613;"З.Беринг.№1 (СЗТО)"
1757;"Унадзима/Япония в.ч.1/"
1756;"Убе/Япония в.ч.1/"
1755;"Томакомай/Япония в.ч.1/"
1754;"Токио/Япония в.ч.1/"
1753;"Тиба/Япония в.ч.1/"
1752;"Такамацу/Япония в.ч.1/"
1751;"Тагонаура/Япония в.ч.1/"
1750;"Сиогама/Япония в.ч.1/"
1749;"Симидзу/Япония в.ч.1/"
1748;"Сикоку/Япония в.ч.1/"
1747;"Сикама/Япония в.ч.1/"
1746;"Сибуси/Япония в.ч.1/"
1745;"Сакаиде/Япония в.ч.1/"
1744;"Осака/Япония в.ч.1/"
1743;"Ономичи/Япония в.ч.1/"
1742;"Онахама/Япония в.ч.1/"
1741;"Окаяма/Япония в.ч.1/"
1740;"Оита/Япония в.ч.1/"
1739;"Ниихама/Япония в.ч.1/"
1738;"Нагоя/Япония в.ч.1/"
1737;"Муроран/Япония в.ч.1/"
1736;"Мудзусима/Япония в.ч.1/"
1735;"Миури/Япония в.ч.1/"
1734;"Мацуяма/Япония в.ч.1/"
1733;"Маругаме/Япония в.ч.1/"
1732;"Кусиро/Япония в.ч.1/"
1731;"Курэ/Япония в.ч.1/"
1730;"Кудамацу/Япония в.ч.1/"
1729;"Коти/Япония в.ч.1/"
1728;"Комацусима/Япония в.ч.1/"
1727;"Кобе/Япония в.ч.1/"
1726;"Кинуура/Япония в.ч.1/"
1725;"Кесеннума/Япония в.ч.1/"
1724;"Касима/Япония в.ч.1/"
1723;"Канадзава/Япония в.ч.1/"
2614;"З.Беринг.№2 (СЗТО)"
1721;"Кагосима/Япония в.ч.1/"
1720;"Кавасаки/Япония в.ч.1/"
1719;"Йокосука/Япония в.ч.1/"
1718;"Исиномаки/Япония в.ч.1/"
1717;"Иокогама/Япония в.ч.1/"
1716;"Иоккаити/Япония в.ч.1/"
1715;"Имабари/Япония в.ч.1/"
1714;"Идзухара (Цусима о-ва)/Япония в.ч.1/"
1713;"Вакаяма/Япония в.ч.1/"
1712;"Аомори/Япония в.ч.1/"
1711;"Айой (Аиои)/Япония в.ч.1/"
1710;"Кингстон (Ямайка)/Ямайка/"
1709;"Хэчжу/Южная Корея/"
1708;"Ульсан/Южная Корея/"
1707;"Мокпхо/Южная Корея/"
1706;"Масан/Южная Корея/"
1705;"Кунсан/Южная Корея/"
1704;"Йосу/Южная Корея/"
1703;"Инчхон/Южная Корея/"
1702;"Трогир/Югославия/"
1701;"Сплит/Югославия/"
1700;"Риека/Югославия/"
1699;"Пула/Югославия/"
1698;"Кралевица/Югославия/"
1697;"Копер/Югославия/"
1696;"Изола/Югославия/"
1695;"Задар/Югославия/"
1694;"Дубровник/Югославия/"
1693;"Биела/Югославия/"
1692;"Бар/Югославия/"
1691;"Порт-Элизабет/ЮАР/"
1690;"Кейптаун/ЮАР/"
1689;"Дурбан/ЮАР/"
1688;"Массауа/Эфиопия/"
1687;"Асэб/Эфиопия/"
1686;"Асмэра/Эфиопия/"
1685;"Малабо/Экват.Гвинея/"
1684;"Луба/Экват.Гвинея/"
1683;"Бата/Экват.Гвинея/"
1682;"Манта/Эквадор/"
1681;"Гуаякиль/Эквадор/"
1680;"Коломбо/Шри-Ланка/"
1679;"Хельсингборг/Швеция ю.ч./"
1678;"Уддевалла/Швеция ю.ч./"
1677;"Треллеборг/Швеция ю.ч./"
1676;"Стремстад/Швеция ю.ч./"
1675;"Седертелье/Швеция ю.ч./"
1674;"Охус/Швеция ю.ч./"
1673;"Окселесунд/Швеция ю.ч./"
1672;"Мальме/Швеция ю.ч./"
1671;"Люсечиль/Швеция ю.ч./"
1670;"Карлскруна/Швеция ю.ч./"
1669;"Гетеборг/Швеция ю.ч./"
1668;"Вестервик (Готланд о.)/Швеция ю.ч./"
1667;"Стокгольм/Швеция с.ч./"
1666;"Симрисхамн/Швеция с.ч./"
1665;"Рундвик/Швеция с.ч./"
1664;"Кулео/Швеция с.ч./"
1663;"Талькауано/Чили/"
1662;"Сан-Антонио/Чили/"
1661;"Пуэрто-Монт/Чили/"
1660;"Вальпараисо/Чили/"
1659;"Антофагаста/Чили/"
1658;"Шербур/Франция/"
1657;"Тулон/Франция/"
1656;"Сет/Франция/"
1655;"Сен-Серван/Франция/"
1654;"Сен-Назер/Франция/"
1653;"Сен-Мало/Франция/"
1652;"Сен-Луи-Дю-Рон/Франция/"
1651;"Сен-Брие/Франция/"
1650;"Руан/Франция/"
1649;"Рошфор/Франция/"
1648;"Роскоф/Франция/"
1647;"Порт-о-Пренс/Франция/"
1646;"Ницца/Франция/"
1645;"Нант/Франция/"
1644;"Марсель/Франция/"
1643;"Лориан (Лорьян)/Франция/"
1642;"Ла-Рошель/Франция/"
1641;"Конкарно/Франция/"
1640;"Кале/Франция/"
1639;"Кайе/Франция/"
1638;"Дюнкерк/Франция/"
1637;"Дьепп/Франция/"
1636;"Дуарнене/Франция/"
1635;"Гранвиль/Франция/"
1634;"Гавр/Франция/"
1633;"Булонь/Франция/"
1632;"Брест/Франция/"
1631;"Бордо/Франция/"
1630;"Бастия (Корсика о.)/Франция/"
1629;"Байонна/Франция/"
1628;"Папеэте (Таити о.)/Франц.Полинезия/"
1627;"Нумеа (Нов.Каледония)"
1626;"Фор-Де-Франс (Март.о.)/Фр.вл.в з.ч.Атлант"
1625;"Сен-Пьер (Микелон о.)/Фр.вл.в з.ч.Атланти"
1624;"Эккере/Финляндия/"
1623;"Хельсинки/Финляндия/"
1622;"Хамина/Финляндия/"
1621;"Усикаупунки/Финляндия/"
1620;"Турку/Финляндия/"
1619;"Раума/Финляндия/"
1618;"Котка/Финляндия/"
1617;"Коккола/Финляндия/"
1616;"Икспилая/Финляндия/"
1615;"Васа/Финляндия/"
1614;"Себу/Филиппины/"
1613;"Мати/Филиппины/"
1612;"Манила/Филиппины/"
1611;"Исабела/Филиппины/"
1610;"Атимонан/Филиппины/"
1609;"Сува/Фиджи/"
1608;"Эмден/ФРГ/"
1607;"Штральзунд/ФРГ/"
1606;"Тисов/ФРГ/"
1605;"Росток/ФРГ/"
1604;"Рендсбург/ФРГ/"
1603;"Любек/ФРГ/"
1602;"Куксхафен/ФРГ/"
1601;"Киль/ФРГ/"
1600;"Засниц/ФРГ/"
1599;"Ганновер/ФРГ/"
1598;"Гамбург/ФРГ/"
1597;"Вольгаст/ФРГ/"
1596;"Висмар/ФРГ/"
1595;"Вильгельмсхафен/ФРГ/"
1594;"Варнемюнде/ФРГ/"
1593;"Брунсбюттель/ФРГ/"
1592;"Бремерхафен/ФРГ/"
1591;"Бремен/ФРГ/"
1590;"Браке/ФРГ/"
1589;"Блексен/ФРГ/"
1588;"Монтевидео/Уругвай/"
1587;"Трабзон/Турция/"
1586;"Текирдаг/Турция/"
1585;"Стамбул/Турция/"
1584;"Мут/Турция/"
1583;"Мерсин/Турция/"
1582;"Кушадасы/Турция/"
1581;"Искендерун/Турция/"
1580;"Инеболу/Турция/"
1579;"Измир/Турция/"
1578;"Дериндже/Турция/"
1577;"Тунис (порт)/Тунис/"
1576;"Бизерта/Тунис/"
1575;"Порт-Оф-Спейн/Тринидад и Тобаго/"
1574;"Ломе/Того/"
1573;"Пемба/Танзания/"
1572;"Занзибар/Танзания/"
1571;"Дар-Эс-Салам/Танзания/"
1570;"Гаосюн/Тайвань/"
1569;"Сонгкхла/Таиланд/"
1568;"Саттахип/Таиланд/"
1567;"Прачуапкхирикхан/Таиланд/"
1566;"Бангкок/Таиланд/"
1565;"Сянган (Гонконг)/Сянган Гонконг Брит./"
1564;"Фритаун/Сьерра-Леоне/"
1563;"Сьерра-Леоне (порт)/Сьерра-Леоне/"
1562;"Порт-Судан/Судан/"
1561;"Могадишо/Сомали (СДР)/"
1560;"Лас-Хора/Сомали (СДР)/"
1559;"Кисимайо/Сомали (СДР)/"
1558;"Бербера/Сомали (СДР)/"
1557;"Тартус/Сирия/"
1556;"Латакия/Сирия/"
1555;"Баниас/Сирия/"
1554;"Сингапур (порт)/Сингапур/"
1553;"Джуронг/Сингапур/"
1552;"Дакар/Сенегал/"
1551;"Порт-Виктория/Сейш.о-ва/"
1550;"Джидда/Саудовская Аравия/"
1549;"Сан-Томе (порт)/Сан-Томе и Принсипи/"
1548;"Сан-Сальвадор/Сальвадор/"
1547;"Ла-Уньон/Сальвадор/"
1546;"Энсенада/США з.ч./"
1545;"Хило/США з.ч./"
1544;"Сиэтл/США з.ч./"
1543;"Санта-Крус/США з.ч./"
1542;"Сан-Франциско/США з.ч./"
1541;"Сан-Педро/США з.ч./"
1540;"Портленд (Орегон)/США з.ч./"
1539;"Окленд/США з.ч./"
1538;"Лос-Анджелес/США з.ч./"
1537;"Лонг-Бич/США з.ч./"
1536;"Кордова (Аляска)/США з.ч./"
1535;"Кадьяк (Аляска)/США з.ч./"
1534;"Датч-Харбор (Алеуты)/США з.ч./"
1533;"Грейс-Харбор/США з.ч./"
1532;"Гонолулу (Гавайи)/США з.ч./"
1531;"Беллингем/США з.ч./"
1530;"Астория/США з.ч./"
1529;"Анкоридж (Аляска)/США з.ч./"
1528;"Чарлстон/США в.ч.2/"
1527;"Филадельфия/США в.ч.2/"
1526;"Порт-Артур/США в.ч.2/"
1525;"Нью-Йорк/США в.ч.2/"
1524;"Джорджтаун/США в.ч.2/"
1523;"Глостер/США в.ч.2/"
1522;"Вудс-Хол/США в.ч.2/"
1521;"Бостон/США в.ч.2/"
1520;"Бейсайд Бич/США в.ч.2/"
1519;"Балтимор (США)/США в.ч.2/"
1518;"Тиниан/США в.ч.1/"
1517;"Портсмут/США в.ч.1/"
1516;"Портленд/США в.ч.1/"
1515;"Майагуэс (П-то Рико о.)/США в.ч.1/"
1514;"Кингстаун/С.-Винсент-Гренадины/"
1513;"Констанца/Румыния/"
1512;"Галац/Румыния/"
1511;"Фигейра-да-Фош/Португалия/"
1510;"Фару/Португалия/"
1509;"Синиш/Португалия/"
1508;"Сетубал/Португалия/"
1507;"Порту (Опорто)/Португалия/"
1506;"Портиман/Испания/"
1505;"Помаран (р.Гвадиана)/Португалия/"
1504;"Пениши-ди-Байшу/Португалия/"
1503;"Матозиньюш/Португалия/"
1502;"Лиссабон/Португалия/"
1501;"Лейшойнш/Португалия/"
1500;"Лагуш/Португалия/"
1499;"Вьяна-ду-Каштелу/Португалия/"
1498;"Авейру/Португалия/"
1497;"Щецин/Польша/"
1496;"Хель/Польша/"
1495;"Устка/Польша/"
1494;"Свиноуйсьце/Польша/"
1493;"Гдыня/Польша/"
1492;"Гданьск/Польша/"
1491;"Этен (Пуэрто-Этен)/Перу/"
1490;"Чимботе/Перу/"
1489;"Талара/Перу/"
1488;"Сан-Хуан/Перу/"
1487;"Салаверри/Перу/"
1486;"Писко/Перу/"
1485;"Пиментель/Перу/"
1484;"Пайта/Перу/"
1483;"Кальяо/Перу/"
1482;"Ило/Перу/"
1481;"Рабаул/Папуа-Новая Гвинея/"
1480;"Панама (порт)/Панама/"
1479;"Кристобаль (Пан.кан./Панама/"
1478;"Колон (Пан.кан)/Панама/"
1477;"Бальбоа (Пан.кан.)/Панама/"
1476;"Карачи/Пакистан/"
1475;"Дубай/ОАЭ/"
1474;"Эгерсунд/Норвегия ю.ч./"
1473;"Хортен/Норвегия ю.ч./"
1472;"Хеугесунн/Норвегия ю.ч./"
1471;"Фредрикстад/Норвегия ю.ч./"
1470;"Флеккефьорд/Норвегия ю.ч./"
1469;"Фитьярвик/Норвегия ю.ч./"
1468;"Фарсунд/Норвегия ю.ч./"
1467;"Тронхейм/Норвегия ю.ч./"
1466;"Танангер/Норвегия ю.ч./"
1465;"Ставангер/Норвегия ю.ч./"
1464;"Саннефьорд/Норвегия ю.ч./"
1463;"Сандхавн/Норвегия ю.ч./"
1462;"Сандефьорд/Норвегия ю.ч./"
1461;"Санвиксбергет/Норвегия ю.ч./"
1460;"Рервик/Норвегия ю.ч./"
1459;"Рекефьорд/Норвегия ю.ч./"
2641;"Карагин.№1 (СЗТО)"
1457;"Осло/Норвегия ю.ч./"
1456;"Олесунн/Норвегия ю.ч./"
1455;"Молле/Норвегия ю.ч./"
1454;"Мидсунд/Норвегия ю.ч./"
1453;"Лесунд/Норвегия ю.ч./"
1452;"Ларвик/Норвегия ю.ч./"
1451;"Кунгсхавн/Норвегия ю.ч./"
1450;"Кристиансунн/Норвегия ю.ч./"
1449;"Дюрвик/Норвегия ю.ч./"
1448;"Драммен/Норвегия ю.ч./"
1447;"Бревик/Норвегия ю.ч./"
1446;"Берген/Норвегия ю.ч./"
1445;"Шерве/Норвегия с.ч./"
1444;"Хьеллефьорд/Норвегия с.ч./"
1443;"Хонингсвог/Норвегия с.ч./"
1442;"Харстад/Норвегия с.ч./"
1441;"Хаммерфест/Норвегия с.ч./"
1440;"Хавесунд/Норвегия с.ч./"
1439;"Тромсе/Норвегия с.ч./"
1438;"Скервей/Норвегия с.ч./"
1437;"Свульвер/Норвегия с.ч./"
1436;"Нордленанген/Норвегия с.ч./"
1435;"Нарвик/Норвегия с.ч./"
1434;"Мехавн/Норвегия с.ч./"
1433;"Ловонг/Норвегия с.ч./"
1432;"Киркенес/Норвегия с.ч./"
1431;"Дофьерд/Норвегия с.ч./"
1430;"Вельмасфьорд/Норвегия с.ч./"
1429;"Варде/Норвегия с.ч./"
1428;"Букснесфиорд/Норвегия с.ч./"
1427;"Буде/Норвегия с.ч./"
1426;"Брейвик/Норвегия с.ч./"
1425;"Ботсфьорд/Норвегия с.ч./"
1424;"Баренцбург (Шпицберг)/Норвегия с.ч./"
1423;"Тимару/Новая Зеландия/"
1422;"Тауранга/Новая Зеландия/"
1421;"Пегасес/Новая Зеландия/"
1420;"Окленд/Новая Зеландия/"
1419;"Нью-Плимут/Новая Зеландия/"
1418;"Нельсон/Новая Зеландия/"
1417;"Нейпир/Новая Зеландия/"
1416;"Маунт-Маунгануй/Новая Зеландия/"
1415;"Литтелтон/Новая Зеландия/"
1414;"Данидин/Новая Зеландия/"
1413;"Веллингтон/Новая Зеландия/"
1412;"Блафф-Харбор/Новая Зеландия/"
1411;"Сан-Хуан-дель-Сур/Никарагуа/"
1410;"Коринто/Никарагуа/"
1409;"Блуфилдс/Никарагуа/"
1408;"Эмcхавен/Нидерланды/"
1407;"Эймейден/Нидерланды/"
1406;"Хелдер/Нидерланды/"
1405;"Флиссинген/Нидерланды/"
1404;"Синт-Эстатиус/Нидерланды/"
1403;"Роттердам/Нидерланды/"
1402;"Ораньестад (Синт-Эстатиус )/Нидерланды/"
1401;"Лобтердам/Нидерланды/"
1400;"Заандам/Нидерланды/"
1399;"Велсен/Нидерланды/"
1398;"Бевервейк/Нидерланды/"
1397;"Амстердам/Нидерланды/"
1396;"Ораньестад (Аруба о.)/Нид.Вест-Индия/"
1395;"Виллемстад (Кюрасао)/Нид.Вест-Индия/"
1394;"Сапеле/Нигерия/"
1393;"Порт-Харкорт/Нигерия/"
1392;"Лагос/Нигерия/"
1391;"Калабар/Нигерия/"
1390;"Варри/Нигерия/"
1389;"Уолфиш-Бей/Намибия/"
1388;"Эль-Мукалла/НДРЙ/"
1387;"Ништун/НДРЙ/"
1386;"Аден/НДРЙ/"
1385;"Накала/Мозамбик/"
1384;"Мозамбик (порт)/Мозамбик/"
1383;"Мапуту/Мозамбик/"
1382;"Лоренсо Маркиш/Мозамбик/"
1381;"Бейра/Мозамбик/"
1380;"Энсенада/Мексика/"
1379;"Тампико/Мексика/"
1378;"Масатлан/Мексика/"
1377;"Веракрус/Мексика/"
1376;"Танжер/Марокко/"
1375;"Сафи/Марокко/"
1374;"Мохаммедия/Марокко/"
1373;"Касабланка/Марокко/"
1372;"Агадир/Марокко/"
1371;"Валлета/Мальта/"
1370;"Малакка/Малайзия/"
1369;"Ланкави/Малайзия/"
1368;"Кота-Кинабалу/Малайзия/"
1367;"Баттеруэрт/Малайзия/"
1366;"Тананариве/Мадагаскар/"
1365;"Таматаве/Мадагаскар/"
1364;"Мажунга/Мадагаскар/"
1363;"Диего-Суарес/Мадагаскар/"
1362;"Нуакшот/Мавритания/"
1361;"Нуадибу/Мавритания/"
1360;"Порт-Луи/Маврикий/"
1359;"Триполи/Ливия/"
1358;"Дерна/Ливия/"
1357;"Бенгази/Ливия/"
1356;"Триполи/Ливан/"
1355;"Бейрут/Ливан/"
1354;"Монровия/Либерия/"
1353;"Эль-Кувейт/Кувейт/"
1352;"Сьенфуэгос/Куба/"
1351;"Сантьяго-де-Куба/Куба/"
1350;"Пуэрто-Тарафа/Куба/"
1349;"Пуэрто-Падре/Куба/"
1348;"Нуэвитас/Куба/"
1347;"Матансас/Куба/"
1346;"Мариель/Куба/"
1345;"Кайбарьен/Куба/"
1344;"Ла-Исабела"
1343;"Гавана/Куба/"
1342;"Антилья/Куба/"
1341;"Сан-Педро/Кот Д'Ивуар/"
1340;"Абиджан/Кот Д'Ивуар/"
1339;"Пунтаренас/Коста-Рика/"
1338;"Пуэнт-Нуар/Конго (НРК)/"
1337;"Санта-Марта/Колумбия/"
1336;"Буэнавентура/Колумбия/"
1335;"Яньтай/Китай (КНР)/"
1334;"Шидао/Китай (КНР)/"
1333;"Шаньтоу/Китай (КНР)/"
1332;"Шанхай/Китай (КНР)/"
1331;"Чжэньцзян/Китай (КНР)/"
1330;"Чжаньцзан/Китай (КНР)/"
1329;"Циньхуандао/Китай (КНР)/"
1328;"Циндао/Китай (КНР)/"
1327;"Хуанпу (Вампоа)/Китай (КНР)/"
1325;"Фанченг/Китай (КНР)/"
1324;"Тяньцзинь/Китай (КНР)/"
1323;"Сямынь/Китай (КНР)/"
1322;"Синьган/Китай (КНР)/"
1321;"Наньтун/Китай (КНР)/"
1320;"Ляньюньган/Китай (КНР)/"
1319;"Лункоу/Китай (КНР)/"
1318;"Инкоу/Китай (КНР)/"
1317;"Далянь/Китай (КНР)/"
1316;"Гуанчжоу/Китай (КНР)/"
1315;"Аньшань/Китай (КНР)/"
1314;"Фамагуста/Кипр/"
1313;"Лимасол/Кипр/"
1312;"Момбаса/Кения/"
1311;"Принс-Руперт/Канада з.ч./"
1310;"Ванкувер/Канада з.ч./"
1309;"Матан/Канада в.ч.2/"
1308;"Картрайт/Канада в.ч.2/"
1307;"Ярмут/Канада в.ч.1/"
1306;"Шелберн/Канада в.ч.1/"
1305;"Шарлоттаун/Канада в.ч.1/"
1304;"Чатам/Канада в.ч.1/"
1303;"Чандлер/Канада в.ч.1/"
1302;"Харбор-Грейс/Канада в.ч.1/"
1301;"Трайтон/Канада в.ч.1/"
1300;"Сидни/Канада в.ч.1/"
1299;"Сент-Джонс/Канада в.ч.1/"
1298;"Сент-Джон/Канада в.ч.1/"
1297;"Пабника/Канада в.ч.1/"
1296;"Ньюкасл/Канада в.ч.1/"
1295;"Монреаль/Канада в.ч.1/"
1294;"Льюиспорт/Канада в.ч.1/"
1293;"Луненберг/Канада в.ч.1/"
1292;"Корнер-Брук/Канада в.ч.1/"
1291;"Комис пойнт/Канада в.ч.1/"
1290;"Колиспойнт/Канада в.ч.1/"
1289;"Каракет/Канада в.ч.1/"
1288;"Дугластаун/Канада в.ч.1/"
1287;"Гран-Манан/Канада в.ч.1/"
1286;"Гаспе/Канада в.ч.1/"
1285;"Галифакс/Канада в.ч.1/"
1284;"Ботвуд/Канада в.ч.1/"
1283;"Бейсайд/Канада в.ч.1/"
1282;"Адмиралебич/Канада в.ч.1/"
1281;"Пном-Пень/Кампучия (НРК)/"
1280;"Кампонгсаом/Кампучия (НРК)/"
1279;"Дуала/Камерун/"
1278;"Прая/Кабо-Верде/"
1277;"Минделу/Кабо-Верде/"
1276;"Чхонджин/КНДР/"
1275;"Хыннам/КНДР/"
1274;"Пусан/Южная Корея/"
1273;"Нампхо/КНДР/"
1272;"Наджин/КНДР/"
1270;"Вонсан/КНДР/"
1269;"Ходейда/ЙАР/"
1268;"Моха/ЙАР/"
1267;"Чивитавеккья/Италия/"
1266;"Триест/Италия/"
1265;"Термини-Имересе/Италия/"
1264;"Таранто/Италия/"
1263;"Специя/Италия/"
1262;"Салерно/Италия/"
1261;"Савона/Италия/"
1260;"Равенна/Италия/"
1259;"Пескара/Италия/"
1258;"Палермо/Италия/"
1257;"Ольбия/Италия/"
1256;"Неаполь/Италия/"
1255;"Монополи/Италия/"
1254;"Мессина/Италия/"
1253;"Марина ди Каррара/Италия/"
1252;"Ливорно/Италия/"
1251;"Катания/Италия/"
1250;"Империя/Италия/"
1249;"Генуя/Италия/"
1248;"Гаэта/Италия/"
1247;"Вибо-Валентия/Италия/"
1246;"Венеция/Италия/"
1245;"Васто/Италия/"
1244;"Бриндизи/Италия/"
1243;"Бари/Италия/"
1242;"Анкона/Италия/"
1241;"Эль-Ферроль/Испания/"
1240;"Хихон/Испания/"
1239;"Уэльва/Испания/"
1238;"Таррагона/Испания/"
1237;"Сеута (Сев.Африка)/Испания/"
1236;"Севилья/Испания/"
1235;"Сантандер/Испания/"
1234;"Санта-Крус (Тенер о.)/Испания/"
1233;"Санта-Крус (Пальма о.)/Испания/"
1231;"Понтеведра/Испания/"
1230;"Пасахес/Испания/"
1229;"Мусель/Испания/"
1228;"Мотриль/Испания/"
1227;"Марин/Испания/"
1226;"Малага/Испания/"
1225;"Лас-Пальмас (Канары)/Испания/"
1224;"Ла-Линеа/Испания/"
1223;"Ла-Корунья/Испания/"
1222;"Коркубьон/Испания/"
1221;"Картахена/Испания/"
1220;"Кадис/Испания/"
1219;"Вильягарсия/Испания/"
1218;"Виго/Испания/"
1217;"Валенсия/Испания/"
1216;"Бильбао/Испания/"
1215;"Барселона/Испания/"
1214;"Аямонте/Испания/"
1213;"Арресифе (Канары)"
1212;"Альхесирас/Испания/"
1211;"Аликанте/Испания/"
1210;"Агилас/Испания/"
1209;"Авилес/Испания/"
1208;"Хабнарфьердур/Исландия/"
1207;"Сиглуфьорд/Исландия/"
1206;"Сейдисфьордур/Исландия/"
1205;"Рифсхевн/Исландия/"
1204;"Рейкьявик/Исландия/"
1203;"Исафьордур/Исландия/"
1202;"Грундар-Фьорд/Исландия/"
1201;"Болунгарвик/Исландия/"
1200;"Акурейри/Исландия/"
1199;"Фойнс/Ирландия/"
1198;"Уотерфорд/Ирландия/"
1197;"Корк/Ирландия/"
1196;"Ков/Ирландия/"
1195;"Кинсейл/Ирландия/"
1194;"Киллибегс/Ирландия/"
1193;"Кастлетаун/Ирландия/"
1192;"Дублин/Ирландия/"
1191;"Голуэй/Ирландия/"
1190;"Болтимор/Ирландия/"
1189;"Бендер-Аббас/Иран/"
1188;"Бендер-имам-Хомейни/Ирак/"
1187;"Басра/Ирак/"
1186;"Акаба/Иордания/"
1185;"Сурабая/Индонезия/"
1184;"Соронг/Индонезия/"
1183;"Джакарта/Индонезия/"
1182;"Амбон (Амбоина о.)/Индонезия/"
1181;"Тутикорин/Индия/"
1180;"Раджим/Индия/"
1179;"Мадрас/Индия/"
1178;"Калькутта/Индия/"
1177;"Висакхапатнам/Индия/"
1176;"Бомбей/Индия/"
1175;"Апиа (Уполу о.)/Западное Самоа/"
1174;"Вилья-Сиснерос/Западная Сахара/"
1173;"Матади/Заир/"
1172;"Бома/Заир/"
1171;"Суэц/Египет (АРЕ)/"
1170;"Порт-Саид/Египет (АРЕ)/"
1169;"Дамиетта/Египет (АРЕ)/"
1168;"Александрия/Египет (АРЕ)/"
1167;"Санта-Доминго/Доминик.респ./"
1166;"Джибути (порт)/Джибути/"
1165;"Эсбьерг/Дания/"
1164;"Хиртсхальс/Дания/"
1163;"Хельсингер/Дания/"
1162;"Ханстхольм/Дания/"
1161;"Фуглефьорд (Фар.о-ва)/Дания/"
1160;"Фредерисия/Дания/"
1159;"Фредериксхавн/Дания/"
1158;"Торсхавн (Фар.о-ва)/Дания/"
1157;"Сколе-Фьорд (Фар.о-ва)/Дания/"
1156;"Скале/Дания/"
1155;"Скаген/Дания/"
1154;"Рунавик/Дания/"
1153;"Ренне (Борнхольм о.)/Дания/"
1152;"Орхус/Дания/"
1151;"Ольборг/Дания/"
1150;"Ойра/Дания/"
1149;"Оденсе/Дания/"
1148;"Обенро/Дания/"
1147;"Нексе/Дания/"
1146;"Копенгаген/Дания/"
1145;"Калунборг/Дания/"
1144;"Грено/Дания/"
1143;"Вог (Вогур)/Дания/"
1142;"Вайле/Дания/"
1141;"Халкис/Греция/"
1140;"Салоники/Греция/"
1139;"Пирей/Греция/"
1138;"Ираклион/Греция/"
1137;"Готхоб/Гренландия (дат.)/"
1136;"Гибралтар/Гибралтар (Брит.)/"
1135;"Бисау/Гвинея-Бисау/"
1134;"Конакри/Гвинея/"
1133;"Тема/Гана/"
1132;"Такоради/Гана/"
1131;"Аккра/Гана/"
1130;"Банжул/Гамбия/"
1129;"Джорджтаун (Гайана)/Гайана/"
1128;"Порт-Жантиль/Габон/"
1127;"Либревиль/Габон/"
1126;"Хошимин (Сайгон)/Вьетнам/"
1125;"Ханой/Вьетнам/"
1124;"Хайфон/Вьетнам/"
1123;"Камрань/Вьетнам/"
1122;"Дананг/Вьетнам/"
1121;"Вунг-тау (Вунгтоу)/Вьетнам/"
1120;"Паго-Паго/Восточное Самоа (США)/"
1119;"Холихед/Великобритания з.ч./"
1118;"Фалмут/Великобритания з.ч./"
1117;"Сторноуэй/Великобритания з.ч./"
1116;"Стенлоу/Великобритания з.ч./"
1115;"Престон/Великобритания з.ч./"
1114;"Портленд/Великобритания з.ч./"
1113;"Плимут/Великобритания з.ч./"
1112;"Манчестер/Великобритания з.ч./"
1111;"Маллейг/Великобритания з.ч./"
1110;"Ливерпуль/Великобритания з.ч./"
1109;"Каслтаун (Мэн о.)/Великобритания з.ч./"
1108;"Кардифф/Великобритания з.ч./"
1107;"Дортмут/Великобритания з.ч./"
1106;"Гринок/Великобритания з.ч./"
1105;"Глазго/Великобритания з.ч./"
1104;"Гарстон/Великобритания з.ч./"
1103;"Бристоль/Великобритания з.ч./"
1102;"Бриксхем/Великобритания з.ч./"
1101;"Бидефорд/Великобритания з.ч./"
1100;"Белфаст/Великобритания з.ч./"
1099;"Барри/Великобритания з.ч./"
1098;"Аллапул/Великобритания з.ч./"
1097;"Эдинбург/Великобритания в.ч./"
1096;"Фрейзерборо/Великобритания в.ч./"
1095;"Феликстоу/Великобритания в.ч./"
1094;"Тилбери/Великобритания в.ч./"
1093;"Скапа-Флоу/Великобритания в.ч./"
1092;"Саутгемптон/Великобритания в.ч./"
1091;"Сандерленд/Великобритания в.ч./"
1090;"Портсмут/Великобритания в.ч./"
1089;"Питерхед/Великобритания в.ч./"
1088;"Ньюкасл/Великобритания в.ч./"
1087;"Норт-Шилдс/Великобритания в.ч./"
1086;"Мидлсбро/Великобритания в.ч./"
1085;"Лондон/Великобритания в.ч./"
1084;"Леруик (Шетл.о-ва)/Великобритания в.ч./"
1083;"Керкуолл/Великобритания в.ч./"
1082;"Инвернесс/Великобритания в.ч./"
1081;"Инвергордон/Великобритания в.ч./"
1080;"Иммингем/Великобритания в.ч./"
1079;"Дувр/Великобритания в.ч./"
1078;"Данди/Великобритания в.ч./"
1077;"Гулль (Халл)/Великобритания в.ч./"
1076;"Гримсби/Великобритания в.ч./"
1075;"Грейт-Ярмут/Великобритания в.ч./"
1074;"Грейнджмут/Великобритания в.ч./"
1073;"Бридлингтон/Великобритания в.ч./"
1072;"Аскеньин/Великобритания в.ч./"
1071;"Айл-оф-Грейн/Великобритания в.ч./"
1070;"Абердин (Брит.)/Великобритания в.ч./"
1069;"Вила/Вануату/"
1068;"Сантус/Бразилия/"
1067;"Сан-Себастьян/Бразилия/"
1066;"Сан-Паулу/Бразилия/"
1065;"Сан-Луис/Бразилия/"
1064;"Сальвадор/Бразилия/"
1063;"Риу-Гранди/Бразилия/"
1062;"Рио-де-Жанейро/Бразилия/"
1061;"Ресифи/Бразилия/"
1060;"Паранагуа/Бразилия/"
1059;"Нитерой/Бразилия/"
1058;"Камосин/Бразилия/"
1057;"Итажаи/Бразилия/"
1056;"Порт-Стэнли (Фолкл.о-ва)/Бр.вл.в Ю.Атлант"
1055;"Джемстаун св.Елены о./Бр.вл.в Ю.Атлантик"
1054;"Грютвикен (Ю.Георг. о.)/Бр.вл.в Ю.Атланти"
1053;"Русе/Болгария/"
1052;"Варна/Болгария/"
1051;"Бургас/Болгария/"
1050;"Рангун/Бирма/"
1049;"Канмо/Бирма/"
1048;"Акьяб/Бирма/"
1047;"Котону/Бенин/"
1046;"Остенде/Бельгия/"
1045;"Зебрюгге/Бельгия/"
1044;"Брюгге/Бельгия/"
1043;"Антверпен/Бельгия/"
1042;"Бриджтаун/Барбадос/"
1041;"Читтагонг/Бангладеш/"
1040;"Кхулна/Бангладеш/"
1039;"Дакка/Бангладеш/"
1038;"Ушуая/Аргентина/"
1037;"Санта-Крус/Аргентина/"
1036;"Сан-Лоренсо/Аргентина/"
1035;"Росарио (Рпарана)/Аргентина/"
1034;"Рио-Гранде/Аргентина/"
1033;"Пуэрто-Мадрин/Аргентина/"
1032;"Некочеа/Аргентина/"
1031;"Мар-дель-Плата/Аргентина/"
1030;"Ла-Плата/Аргентина/"
1029;"Комодоро-Ривадавия/Аргентина/"
1028;"Буэнос-Айрес/Аргентина/"
1027;"Байя-Бланка/Аргентина/"
1026;"Сойо/Ангола (НРА)/"
1025;"Порту Амбоин/Ангола (НРА)/"
1024;"Порту Алешандри/Ангола (НРА)/"
1023;"Намиб/Ангола (НРА)/"
1022;"Мосамедиш/Ангола (НРА)/"
1021;"Луанда/Ангола (НРА)/"
1020;"Лобиту/Ангола (НРА)/"
1019;"Кабинда/Ангола (НРА)/"
1018;"Бенгела/Ангола (НРА)/"
1017;"Байя-Фарта/Ангола (НРА)/"
1016;"Скикда/Алжир (Эль-Джезаир)/"
1015;"Оран/Алжир (Эль-Джезаир)/"
1014;"Газавет/Алжир (Эль-Джезаир)/"
1013;"Бени-Саф/Алжир (Эль-Джезаир)/"
1012;"Беджайя/Алжир (Эль-Джезаир)/"
1011;"Арзев/Алжир (Эль-Джезаир)/"
1010;"Аннаба/Алжир (Эль-Джезаир)/"
1009;"Алжир (порт)/Алжир (Эль-Джезаир)/"
1008;"Фримантл/Австралия/"
1007;"Сидней/Австралия/"
1006;"Перт/Австралия/"
1005;"Ньюкасл/Австралия/"
1004;"Мельбурн/Австралия/"
1003;"Джилонг/Австралия/"
1002;"Брисбен/Австралия/"
1001;"Аделаида"
999;"прочие районы"
904;"на теплых водах"
903;"Садки и бассейновые хозяйства"
902;"Озерные хозяйства"
901;"Товарные,прудовые и др.рыбоводные хоз-ва"
900;"Прудовые хозяйства"
537;"Таганрогский залив"
534;"Вост.Сахал.А (СЗТО)"
533;"Вост.Сахал.Ю (СЗТО)"
532;"Вост.Сахал.С (СЗТО)"
531;"микрорайон 3М банка Флемиш-Кап (СЗА)"
530;"Зап.Камч.В (СЗТО)"
529;"Зап.Камч.А (СЗТО)"
528;"Охотск.м. (СЗТО)"
527;"Азовск.м (Украина)"
526;"Азовск.м (Россия)"
525;"Черное м (откр.ч.моря)"
524;"Черное м (пр.гос-ва)"
523;"Черное м (Грузия)"
522;"Черное м (Украина)"
521;"Черное м (Россия)"
519;"Касп.м (откр.ч.моря)"
518;"Касп.м (Иран)"
517;"Касп.м (Туркменистан)"
516;"Касп.м (Респ.Азерб)"
515;"Касп.м (Респ.Казахст)"
514;"Касп.м (Респ.Калм)"
513;"Касп.м (Респ.Дагест)"
512;"Касп.м (Астр.обл)"
511;"Литва (СВА)"
510;"Эстония (СВА)"
509;"Латвия (СВА)"
508;"конк.квота Баренц.м"
507;"прибреж.зона Баренц.м"
506;"прочие водоемы"
505;"Виштынецкое озеро"
504;"Куршский залив"
503;"Вислинский залив"
502;"подрайон 32 Балт.м"
501;"подрайон 26 Балт.м"
465;"др.вдхр."
464;"Водохранилища"
463;"Озера"
462;"др.реки"
461;"Реки"
452;"Волгоградский гидроузел"
451;"Сулак"
450;"Терек"
443;"Ханка оз."
442;"др.озера"
441;"Белое оз."
440;"Сартлан оз."
430;"Братское вдхр."
428;"Нижне-Камское вдхр."
427;"Куйбышевское вдхр."
426;"Горьковское вдхр."
425;"Волгоградское вдхр."
424;"Саратовское вдхр."
423;"Чебоксарское вдхр."
422;"Рыбинское вдхр."
420;"Новосибирское вдхр."
419;"Цимлянское вдхр."
418;"Ильмень оз."
417;"Байкал оз."
416;"Убинское оз."
415;"Чаны оз."
414;"Псковско-Чудской водоем (вкл. оз. Теплое)"
413;"Онежское оз."
412;"Ладожское оз."
411;"Амур"
410;"Индигирка"
409;"Колыма"
408;"Лена"
407;"Енисей"
406;"Обь"
405;"Кубань"
404;"Дон"
403;"Дельта Волги"
402;"Печора"
401;"Северная Двина"
400;"Средний м-р (ЮВТО)"
399;"З.Беринг.зап.ч (СЗТО)"
398;"З.Беринг.вост.ч. (СЗТО)"
397;"Аральское м. (вн.в)"
396;"Каспийское м. (вн.в)"
395;"Азовское м. (вн.в.)"
394;"Черное м. (вн.в)"
393;"Белое м. (вн.в)"
392;"Арктика (Арк.)"
391;"Амундсена м. (АТО)"
390;"З.ч.Росса м. (АТО)"
389;"В.ч.Росса м. (АТО)"
388;"Южный (ЮВТО)"
387;"Центральн. (ЮВТО)"
386;"Северный (ЮВТО)"
385;"о.Сала-Гомес (ЮВТО)"
384;"о.Сан Феликс (ЮВТО)"
383;"Чили (ЮВТО)"
382;"Перу (ЮВТО)"
381;"о.Пасхи З. (ЮЗТО)"
380;"Южная котл. (ЮЗТО)"
379;"о-ва Фиджи (ЮЗТО)"
378;"Н.Зеландск. (ЮЗТО)"
377;"о.Пасхи Ю. (ЮЗТО)"
376;"о.Оэно (ЮЗТО)"
375;"Полинезия (ЮЗТО)"
374;"Н.Зеландия (ЮЗТО)"
373;"о-ва Тонга (ЮЗТО)"
372;"о.Н.Каледон. (ЮЗТО)"
371;"о.Маккуори (ЮЗТО)"
370;"о.Норфолк (ЮЗТО)"
369;"В.Австрал. (ЮЗТО)"
368;"бан.Витязь (ЦВТО)"
366;"Клипертонск. (ЦВТО)"
365;"Ц.Тихоок. (ЦВТО)"
364;"о.Хауленд (ЦВТО)"
363;"о-ва Токелау (ЦВТО)"
362;"о-ва В.Cамоа (ЦВТО)"
361;"о-ва Хорн (ЦВТО)"
360;"о-ва Тонга (ЦВТО)"
359;"о.Кука (ЦВТО)"
358;"о.Джарвис (ЦВТО)"
357;"о-ва Лайн-Фен. (ЦВТО)"
356;"Полинезия (ЦВТО)"
355;"о.Оэно (ЦВТО)"
354;"о.Пасхи (ЦВТО)"
353;"о.Клипертон (ЦВТО)"
352;"Перу (ЦВТО)"
351;"Эквадор (ЦВТО)"
350;"Колумбия (ЦВТО)"
349;"Панама (ЦВТО)"
348;"Коста-Рика (ЦВТО)"
347;"Никарагуа (ЦВТО)"
346;"Сальвадор (ЦВТО)"
345;"Гватемала (ЦВТО)"
344;"Мексика (ЦВТО)"
343;"о-ва Гавайск. (ЦВТО)"
342;"США (ЦВТО)"
341;"Н.Зеландск. (ЦЗТО)"
340;"Сев.Фиджийск. (ЦЗТО)"
339;"Меланез.котл. (ЦЗТО)"
338;"Каролин. (ЦЗТО)"
337;"Центр.котл. (ЦЗТО)"
336;"В.Мариан.котл. (ЦЗТО)"
335;"Филип.м. (ЦЗТО)"
334;"Китай (ЦЗТО)"
333;"о-ва Филип. (ЦЗТО)"
332;"Япония (ЦЗТО)"
331;"Микронезия (ЦЗТО)"
330;"о.Науру (ЦЗТО)"
329;"о.Бейкер (ЦЗТО)"
328;"о-ва Гилберта (ЦЗТО)"
327;"о-ва Тувалу (ЦЗТО)"
326;"о-ва Токелау (ЦЗТО)"
325;"о-ва Хорн (ЦЗТО)"
324;"о-ва Тонга (ЦЗТО)"
323;"о-ва Фиджи (ЦЗТО)"
322;"о.Н.Каледон. (ЦЗТО)"
321;"Вануату"
320;"о-ва Санта-Крус (ЦЗТО)"
319;"о-ва Соломон. (ЦЗТО)"
318;"Папуа (ЦЗТО)"
317;"Австрал. (ЦЗТО)"
316;"Индонезия (ЦЗТО)"
315;"Смеж.инз. (ЦЗТО)"
314;"Малайзия, Сингапур, Бруней о-в Калимантан (ЦЗТО)"
313;"Таиланд (ЦЗТО)"
312;"Кампучия (ЦЗТО)"
311;"Вьетнам (ЦЗТО)"
310;"С.Тихоокеан. (СВТО)"
309;"Канада (СВТО)"
308;"Орегон (СВТО)"
307;"Аляскинск. (СВТО)"
306;"Беринговомор. (СВТО)"
305;"США (СВТО)"
304;"Чукотская зона (СВТО)"
303;"Филип.м. (СЗТО)"
302;"о-ва Нампо (СЗТО)"
301;"о-ва Мидуэй (СЗТО)"
300;"Гавайск.хр. (СЗТО)"
299;"подрайон Курильский (СЗТО)"
298;"Ц.ч.Охотск.м. (СЗТО)"
297;"Ц.Беринг.м. (СЗТО)"
296;"Смеж.зона (СЗТО)"
295;"о-ва Филип. (СЗТО)"
294;"о.Тайвань (СЗТО)"
293;"Вьетнам (СЗТО)"
292;"Китай (СЗТО)"
291;"Ю.Корея (СЗТО)"
290;"С.Корея (СЗТО)"
289;"о.Минамитори (СЗТО)"
288;"В.Китайск. (СЗТО)"
287;"Япономор. (СЗТО)"
286;"Охотомор.инз. (СЗТО)"
285;"Тихоокеан.инз. (СЗТО)"
284;"Япония (СЗТО)"
283;"о-ва Марианск. (СЗТО)"
282;"о.Уэйк (СЗТО)"
281;"о-ва Гавайск. (СЗТО)"
280;"Бер.-Алеут. (СЗТО)"
279;"США (СЗТО)"
278;"Зап.Сахал. (СЗТО)"
277;"Приморье (СЗТО)"
276;"Японск.м. (СЗТО)"
275;"Вост.Сахал. (СЗТО)"
274;"Зап.Камч. (СЗТО)"
273;"Сев.Охотомор. (СЗТО)"
272;"Камчатско-Курильская (СЗТО)"
271;"Охотомор.Ю.Кур. (СЗТО)"
270;"Тихоокеан.Ю.Кур. (СЗТО)"
269;"Ю.Курильск. (СЗТО)"
268;"Охотомор.С.Кур. (СЗТО)"
267;"Тихоокеан.С.Кур. (СЗТО)"
266;"С.Курильск. (СЗТО)"
265;"Петр.-Командор. (СЗТО)"
264;"Карагин. (СЗТО)"
263;"В.Камчат. (СЗТО)"
261;"З.Беринг. (СЗТО)"
260;"о.Победы (АИО)"
259;"Молодежная (АИО)"
255;"о-ва Пр.Эдуард Ю. (АИО)"
254;"о.Херд Ю. (АИО)"
253;"о.Херд С. (АИО)"
252;"о-ва Кергелен (АИО)"
251;"о-ва Крозе (АИО)"
250;"о-ва Пр.Эдуард С. (АИО)"
249;"Австраллийск. (ВИО)"
248;"Зондский (ВИО)"
247;"Амстердам (ВИО)"
246;"З.Австрал. (ВИО)"
245;"о-ва Кокос. (ВИО)"
244;"Индонезия (ВИО)"
243;"о-ва Андаман. (ВИО)"
242;"Бирма (ВИО)"
241;"Бангладеш (ВИО)"
240;"Индия (ВИО)"
239;"Зап.Инд.Хр. (ЗИО)"
238;"Аравийский (ЗИО)"
237;"о-ва Сен-Поль (ЗИО)"
236;"о-ва Пр.Эдуард (ЗИО)"
235;"о-ва Крозе (ЗИО)"
234;"арх.Чагос (ЗИО)"
233;"Мальдивы (ЗИО)"
232;"Шри-Ланка (ВИО)"
231;"Индия (ЗИО)"
230;"Пакистан (ЗИО)"
229;"Оман (ЗИО)"
228;"Кувейт (ЗИО)"
227;"Иран (ЗИО)"
226;"о-ва Реюньон (ЗИО)"
225;"о.Маврикий (ЗИО)"
224;"о.Мадагаскар (ЗИО)"
223;"о-ва Коморск. (ЗИО)"
222;"о-ва Сейшельск. (ЗИО)"
221;"ЮАР (ЗИО)"
220;"Мозамбик (ЗИО)"
219;"Танзания (ЗИО)"
218;"Кения (ЗИО)"
217;"Сомали (ЗИО)"
216;"Йемен (ЗИО)"
215;"Красное м. (ЗИО)"
214;"о.Буве (АЧА)"
213;"Уэдделла м. (АЧА)"
212;"о-ва Ю.Сандвич. (АЧА)"
211;"о-ва Ю.Георгия (АЧА)"
210;"о-ва Ю.Оркней (АЧА)"
209;"п-остр.Антаркт. (АЧА)"
205;"бан.Метеор (ЮВА)"
204;"Капск.котл. (ЮВА)"
203;"Ангол.котл. (ЮВА)"
202;"о-ва Гоф-Трист. (ЮВА)"
201;"о-ва Св.Елены (ЮВА)"
200;"ЮАР (ЮВА)"
199;"Намибия (ЮВА)"
198;"Ангола (ЮВА)"
197;"Заир (ЮВА)"
196;"Дрейка (ЮЗА)"
195;"Аргентинск. (ЮЗА)"
194;"Монтевидео (ЮЗА)"
193;"Каравелас (ЮЗА)"
192;"Амазонский (ЮЗА)"
191;"Чили (ЮЗА)"
190;"о-ва Фолкл. (ЮЗА)"
189;"Аргентина (ЮЗА)"
188;"Уругвай (ЮЗА)"
187;"Бразилия (ЮЗА)"
186;"Средизем.м. (Ср.м)"
185;"Экваториальн. (ЦВА)"
184;"Канарск. (ЦВА)"
183;"о.Вознесения (ЦВА)"
182;"о.Сан-Паулу (ЦВА)"
181;"о-ва Азор.-Мадейра (ЦВА)"
180;"о-ва Канар. (ЦВА)"
179;"о-ва Зел.Мыса (ЦВА)"
178;"Ангола (ЦВА)"
177;"Конго (ЦВА)"
176;"Габон (ЦВА)"
175;"Сан-Томе (ЦВА)"
174;"Эк.Гвинея (ЦВА)"
173;"Камерун (ЦВА)"
172;"Нигерия (ЦВА)"
171;"Того-Бенин (ЦВА)"
170;"Гана (ЦВА)"
169;"Кот Д'ивуар (ЦВА)"
168;"Либерия (ЦВА)"
167;"Сьерра-Леоне (ЦВА)"
166;"Гвинея (ЦВА)"
165;"Гвин.-Бисау (ЦВА)"
164;"Гамбия (ЦВА)"
163;"Сенегал (ЦВА)"
162;"Мавритания (ЦВА)"
161;"З.Сахара (ЦВА)"
160;"Марокко (ЦВА)"
159;"Португалия (ЦВА)"
158;"Антильск. (ЦЗА)"
157;"Саргас.м. (ЦЗА)"
156;"о-ва Нид.-Антил. (ЦЗА)"
155;"Барбадос (ЦЗА)"
154;"Тринидад (ЦЗА)"
153;"Гваделупа (ЦЗА)"
152;"о.Сабо (ЦЗА)"
151;"о-ва Виргинс. (ЦЗА)"
150;"Пуэрто-Рико (ЦЗА)"
149;"Домин.р-ка (ЦЗА)"
148;"Гаити (ЦЗА)"
147;"Ямайка (ЦЗА)"
146;"Куба (ЦЗА)"
145;"о-ва Багамс. (ЦЗА)"
144;"о-ва Бермуд. (ЦЗА)"
143;"Бразилия (ЦЗА)"
142;"Гвиана (ЦЗА)"
141;"Суринам (ЦЗА)"
140;"Гайана (ЦЗА)"
139;"Венесуэла (ЦЗА)"
138;"Колумбия (ЦЗА)"
137;"Панама (ЦЗА)"
136;"Никарагуа (ЦЗА)"
135;"Белиз (ЦЗА)"
134;"Мексика (ЦЗА)"
133;"США (ЦЗА)"
132;"Азорский (СВА)"
131;"Рейкьянес (СВА)"
130;"Ц.Норв.м. (СВА)"
129;"Ц.Баренц.м. (СВА)"
128;"о-ва Азорские (СВА)"
127;"Португалия к. (СВА)"
126;"Испания (СВА)"
125;"Франция (СВА)"
124;"Польша-ФРГ (Восточная ч.) (СВА)"
123;"Швеция (СВА)"
122;"Финляндия (СВА)"
121;"Бельгия-Нидерланды-ФРГ (Западная ч.) (СВА)"
120;"Ирландия (СВА)"
119;"Великобр. (СВА)"
118;"Исландия (СВА)"
117;"о.Борнхольм (СВА)"
116;"о-ва Фареры (СВА)"
115;"В.Гренланд. (СВА)"
114;"Дания к. (СВА)"
113;"о.Ян-Майен (СВА)"
112;"о.Шпицберг. (СВА)"
111;"Норвегия к. (СВА)"
110;"Балт.м. (СВА)"
109;"Россия-Норв. (СВА)"
108;"Баренц.м. (СВА)"
107;"Новоанглийский хребет (СЗА)"
106;"Лабр.-Ньюф. (СЗА)"
105;"о-ва Бермуд. (СЗА)"
104;"о-ва Сен-Пьер и Микелон (Франция) (СЗА)"
103;"США (СЗА)"
102;"Канада (СЗА)"
101;"З.Гренланд. (СЗА)"
97;"вне ИЭЗ России"
96;"Зоны иностранных государств"
95;"Открытая часть Мирового океана"
94;"ИЭЗ России"
93;"Иностранные порты"
92;"Порты СНГ"
91;"Порты России"
85;"Рыболовная зона Украины Азовск.м"
84;"Рыболовная зона России Азовск.м"
83;"Открытая часть района Черное м"
82;"Экономические рыболовные инзоны Черное м"
81;"Рыболовная зона России Черное м"
80;"Открытая часть моря Касп.м"
79;"Зона рыболовной юрисдикции ин.гос.Касп.м"
78;"Зона рыболовной юрисдикции России Касп.м"
77;"Внутренние водоемы России"
76;"Арктика"
75;"Открытая часть района АТО"
74;"Антарктическая часть Тихого океана"
73;"Открытая часть района ЮВТО"
72;"Экономические рыболовные инзоны ЮВТО"
71;"Юго-Восточная часть Тихого океана"
70;"Открытая часть района ЮЗТО"
69;"Экономические рыболовные инзоны ЮЗТО"
67;"Открытая часть района ЦВТО"
68;"Юго-Западная часть Тихоко океана"
66;"Экономические рыболовные инзоны ЦВТО"
65;"Центрально-Восточная часть Тихого океана"
64;"Открытая часть района ЦЗТО"
63;"Экономические рыболовные инзоны ЦЗТО"
62;"Центрально-Западная часть Тихого океана"
61;"Открытая часть района СВТО"
60;"Экономические рыболовные инзоны СВТО"
59;"Рыболовная зона России СВТО"
58;"Северо-Восточная часть Тихого океана"
57;"Открытая часть района СЗТО"
56;"Экономические рыболовные инзоны СЗТО"
55;"Рыболовная зона России СЗТО"
54;"Северо-Западная часть Тихого океана"
53;"Тихий океан"
52;"Открытая часть района АИО"
51;"Экономические рыболовные инзоны АИО"
50;"Антарктическая часть Индийского океана"
49;"Открытая часть района ВИО"
48;"Экономические рыболовные инзоны ВИО"
47;"Восточная часть Индийского океана"
46;"Открытая часть района ЗИО"
45;"Экономические рыболовные инзоны ЗИО"
44;"Западная часть Индийского океана"
43;"Индийский океан"
42;"Открытая часть района АЧА"
41;"Антарктическая часть Атлантики"
40;"Открытая часть района ЮВА"
39;"Экономические рыболовные инзоны ЮВА"
38;"Юго-Восточная Атлантика"
37;"Открытая часть района ЮЗА"
36;"Экономические рыболовные инзоны ЮЗА"
35;"Юго-Западная Атлантика"
34;"Открытая часть района ЦВА"
33;"Экономические рыболовные инзоны ЦВА"
32;"Центрально-Восточная Атлантика"
31;"Открытая часть района ЦЗА"
30;"Экономические рыболовные инзоны ЦЗА"
29;"Центрально-Западная Атлантика"
28;"Открытая часть района СВА"
27;"Экономические рыболовные инзоны СВА"
26;"Рыболовная зона России СВА"
25;"Северо-Восточная Атлантика"
24;"Открытая часть района СЗА"
23;"Экономические рыболовные инзоны СЗА"
22;"Северо-Западная Атлантика"
21;"Атлантический океан"
2;"Порты и портпункты"
0;"Не определен"
1;"Мировой океан"
7011;"Болгария"
7012;"Бр.вл.в Ю.Атлантике"
7013;"Бразилия"
7014;"Вануату"
7015;"Великобритания в.ч."
7016;"Великобритания"
7017;"Великобритания з.ч."
7018;"Восточное Самоа (США)"
7019;"Вьетнам"
7020;"Венесуэла"
7021;"Габон"
7022;"Гайана"
7023;"Гана"
7024;"Гвинея"
7025;"Гвинея-Бисау"
7026;"Гибралтар (Брит.)"
7027;"Гренландия (дат.)"
7028;"Греция"
7029;"ДВ"
7030;"Дания"
7031;"Джибути"
7032;"Доминик.респ."
7033;"Египет (АРЕ)"
7034;"Заир"
7035;"Западная Сахара"
7036;"Западное Самоа"
7037;"Индия"
7038;"Индонезия"
7039;"Иностранное государство"
7040;"Иордания"
7041;"Ирак"
7042;"Иран"
7043;"Ирландия"
7044;"Исландия"
7045;"Испания"
7046;"Италия"
7047;"ЙАР"
7048;"КБ"
7049;"КНДР"
7050;"Кабо-Верде"
7051;"Камерун"
7052;"Кампучия (НРК)"
7053;"Канада"
7054;"Канада в.ч.1"
7055;"Канада в.ч.2"
7056;"Канада з.ч."
7057;"Кения"
7058;"Кипр"
7059;"Китай (КНР)"
7060;"Колумбия"
7061;"Конго (НРК)"
7062;"Коста-Рика"
7063;"Кот Д'Ивуар"
7064;"Куба"
7065;"Кувейт"
7066;"Либерия"
7067;"Ливан"
7068;"Ливия"
7069;"Маврикий"
7070;"Мавритания"
7071;"Мадагаскар"
7072;"Малайзия"
7073;"Мальта"
7074;"Марокко"
7075;"Мексика"
7076;"Мозамбик"
7077;"НДРЙ"
7078;"Намибия"
7079;"Нигерия"
7080;"Нид.Вест-Индия"
7081;"Нидерланды"
7082;"Никарагуа"
7083;"Новая Зеландия"
7084;"Норвегия с.ч."
7085;"Норвегия"
7086;"Норвегия ю.ч."
7087;"ОАЭ"
7088;"Пакистан"
7089;"Панама"
7090;"Перу"
7091;"Польша"
7092;"Катар"
7093;"Португалия"
7094;"Румыния"
7095;"Сент-Винсент и Гренадины"
7096;"СБ"
7097;"США в.ч.1"
7098;"США в.ч.2"
7099;"США з.ч."
7100;"Сальвадор"
7101;"Сан-Томе и Принсипи"
7102;"Саудовская Аравия"
7103;"Сейш.о-ва"
7104;"Сенегал"
7105;"Сингапур"
7106;"Сирия"
7107;"Сомали (СДР)"
7108;"Судан"
7109;"Сьерра-Леоне"
7110;"Сянган Гонконг Брит."
7111;"Таиланд"
7112;"Тайвань"
7113;"Танзания"
7114;"Того"
7115;"Тринидад и Тобаго"
7116;"Тунис"
7117;"Турция"
7118;"Уругвай"
7119;"ФРГ"
7120;"Фиджи"
7121;"Филиппины"
7122;"Финляндия"
7123;"Фр.вл.в Инд.океане"
7124;"Фр.вл.в з.ч.Атлантики"
7125;"Франц.Полинезия"
7126;"Франция"
7127;"ЧМ"
7128;"Чили"
7129;"Швеция с.ч."
7130;"Швеция ю.ч."
7131;"Шри-Ланка"
7132;"Эквадор"
7133;"Экват.Гвинея"
7134;"Эфиопия"
7135;"ЮАР"
7136;"Югославия"
7137;"Южная Корея"
7138;"Ямайка"
7139;"Япония в.ч.1"
7140;"Япония в.ч.2"
7141;"Япония з.ч."
7142;"Япония"
7143;"Папуа-Новая Гвинея"
7144;"Гамбия"
7145;"Эстония"
7146;"Бахрейн"
7147;"Мальдивы"
7149;"Бр.вл.в Океании"
7150;"Гаити"
7151;"Тихоок.вл.США"
7152;"США"
7153;"Науру"
7154;"Израиль"
7155;"Швеция"
7156;"Микронезия"
7157;"Азербайджан"
7158;"Грузия"
7159;"Казахстан"
7160;"Латвия"
7161;"Литва"
7162;"Туркмения"
7163;"Украина"
2036;"Антониа/Бразилия/"
2037;"Аккэси/Япония в.ч.1/"
2038;"Хаманака/Япония в.ч.1/"
2039;"Цзилун"
100;"Карское м."
3323;"Магадан.торговый порт/ДВ/"
2611;"З.Беринг.вост.ч. (СЗТО)"
2040;"Сандгерди"
2041;"Самчхок/Южная Корея/"
2043;"Тайчжунган"
2044;"Лаемчабанг/Таиланд/"
2045;"Станвак"
2046;"Уэйпа"
2047;"Гов"
2048;"Грут-Айленд (Милнер-Бе"
2049;"Дарвин"
2050;"Портленд"
2051;"Уэстернпорт"
2052;"Ардроссан"
2053;"Джайлс"
2054;"Порт-Линкольн"
2055;"Спринг-Бей"
2056;"Порт-Пири"
2057;"Лусинда"
2058;"Рапид-Бей"
2059;"Тевенард"
2060;"Уайалла"
2061;"Уоллару"
2062;"Белл-Бей"
2063;"Берни"
2064;"Бьюти-Пойнт-Харбор"
2065;"Девонпорт"
2066;"Лонсестон"
2067;"Порт-Хьюон"
2068;"Порт-Огаста"
2069;"Эсперанс"
2070;"Банбери"
2071;"Барроу-Айленд"
2072;"Брум"
2073;"Дампир"
2074;"Дерби"
2075;"Джералдтон"
2076;"Карнарвон"
2077;"Кейп-Кювье"
2078;"Олбани"
2079;"Порт-Уолкотт"
2080;"Мурильян-Харбор"
2081;"Уиндем"
2082;"Маккай"
2083;"Ямпи-Саунд"
2084;"Ботани-Бей"
2085;"Иден"
2086;"Кофс-Харбор"
2087;"Порт-Кембла"
2088;"Бандаберг"
2089;"Боуэн"
2090;"Гладстон"
2091;"Иннисфейл"
2092;"Кернс"
2093;"Порт-Латта"
2094;"Порт-Хедленд"
2095;"Инспекшен-Хед"
2096;"Оро-Бей"
2097;"Амамапаре"
2098;"Биак"
7177;"Гондурас"
7176;"Гвиана (Франция)"
7175;"Гватемала"
7174;"Гваделупа (Франция)"
7173;"Виргинские о-ва (США)"
7172;"Белиз"
7171;"Соломоновы острова"
7170;"Багамские о-ва"
7169;"Антигуа и Барбуда"
7168;"Коморские о-ва"
7167;"Тонга"
7165;"Кирибати"
2111;"Уэйверпи"
2112;"Фангареи"
2113;"Отаго"
2114;"Опуа"
2115;"Греймут"
2116;"Гисборн"
2117;"Акароа"
2118;"Фангароа"
2119;"Бэ-Уг (Нов.Каледония)"
2120;"Куто-Уорф (Нов.Каледония)"
2121;"Уи-Уорф (Нов.Каледония)"
2122;"Уала-Уорф (Нов.Каледония)"
2123;"Туо-Бей (Нов.Каледония)"
2124;"Тейдин-Уорф (Нов.Каледония)"
2125;"Паагумене-Уорф (Нов.Каледония)"
2126;"Тио (Нов.Каледония)"
2127;"Поро (Нов.Каледония)"
2128;"Куауа (Нов.Каледония)"
2129;"Непуи (Нов.Каледония)"
2130;"Хом"
2131;"Бутаритари"
2132;"Аратунга (Роратонга)"
2133;"Аваруа"
2134;"Паликуло"
2135;"Санто"
2136;"Апу (О-ва Общества)"
2137;"Бора-Бора (О-ва Общества)"
2138;"Ваитоаре (О-ва Общества)"
2139;"Папеэте (О-ва Общества)"
2140;"Таравао (О-ва Общества)"
2141;"Утуроа (О-ва Общества)"
2142;"Фаре (О-ва Общества)"
2143;"Остров Рождества"
2144;"Фалеалупо"
2145;"Мунда"
2407;"Коко-Соло"
2147;"Баниу"
2148;"Бугенвиль"
2150;"Гизо"
2151;"Киета"
2180;"Бенти"
2153;"Нусси"
2154;"Анева"
2159;"Лунга"
2156;"Рендова"
2767;"Жунчэн (Шаньдун)/КНР/"
2158;"Шуазель"
2157;"Суу"
2160;"Неиафу"
2161;"Нукуалофа"
2162;"Пангаи"
2163;"Ломалома"
2164;"Накама"
2165;"Левука"
2166;"Ламбаса"
2167;"Лаутока"
2168;"Томба-Ко-Нанди"
2169;"Тенес"
2170;"Мерс-Эль-Кебир"
2171;"Колло"
2172;"Джиджелли"
2173;"Деллис"
2174;"Нгунза-Каболо"
2175;"Квио"
2176;"Сасандра"
2177;"Овендо"
2178;"Гамба"
2179;"Камсар"
2155;"Ренар"
2181;"Болама"
2182;"Айн-Сухна"
2183;"Адабия"
2184;"Вади-Фейран"
2185;"Кусейр"
2186;"Мерса-Матрух"
2187;"Рас-Гариб"
2188;"Сафага"
2189;"Сиди-Керир"
2190;"Абу-Зенима"
2191;"Думьят"
2192;"Анго-Анго"
2193;"Банана"
2194;"Аюн"
2195;"Лимье"
2196;"Коле"
2197;"Тико"
2198;"Ламу"
2199;"Гринвилл"
2200;"Бьюкенен"
2201;"Марса-Эль-Брега"
2202;"Мисурата (Каср-Ахмед)"
2203;"Тобрук"
2204;"Эз-Зувайтина"
2205;"Эльвиль"
2206;"Форт-Дофин"
2207;"Тулеар"
2208;"Мурумбе"
2209;"Аналалава"
2210;"Мадзунга"
2211;"Кенитра"
2212;"Эль-Джадида"
2213;"Мелилья"
2214;"Сеута"
2215;"Сиди-Ифни"
2216;"Тан-Тан"
2217;"Рабат"
2218;"Пемба"
2219;"Иньямбане"
2220;"Келимане"
2221;"Бонни"
2222;"Форкадос"
2223;"Коко"
2224;"Буруту"
2225;"Санта-Круш (Азоры)"
2226;"Орта (Азоры)"
2227;"Прая-да-Витория (Азоры)"
2228;"Ангра-ду-Эроижму"
2229;"Палмейра"
2230;"Санта-Крус-де-ла-Пальма (Канары)"
2231;"Дзаудзи"
2232;"Фуншал (Мадейра)"
2233;"Порту-Санту (Мадейра)"
2234;"Пуэнт-де-Гале (о.Реюньон)"
2235;"Загиншор"
2236;"Каолак"
2237;"Данте (Хафун)"
2238;"Суакин"
2239;"Пепел"
2240;"Бонге"
2241;"Мбвамаджи"
2242;"Мтвара"
2243;"Танга"
2244;"Кпеме"
2245;"Габес"
2246;"Сус"
2247;"Сфакс"
2248;"Ла-Схирра"
2249;"Ист-Лондон"
2250;"Салданья"
2251;"Симонстад (Саймонстаун"
2252;"Мосселбай"
2253;"Сент-Джонс"
2254;"Крапендейк (Антильские о-ва)"
2255;"Вилья-Конститусьон"
2256;"Сан-Николас"
2257;"Сан-Мартин"
2258;"Рио-Гальегос"
2259;"Рамальо"
2260;"Облигадо"
2261;"Кампана"
2262;"Диаманте"
2263;"Сан-Педро"
2264;"Мадрин"
2265;"Консепсьон-дель-Уругв"
2266;"Сарате"
2267;"Пунта-Килья"
2268;"Санта-Фе"
2269;"Кекен"
2270;"Нассау"
2271;"Фрипорт"
2272;"Белиз"
2273;"Лагуна"
2274;"Форталеза"
2275;"Тубаран"
2276;"Порту-Алегри"
2277;"Манаус"
2278;"Каравелас"
2279;"Витория"
2280;"Белен"
2281;"Аракажу"
2282;"Ангра-Дуе-Рейс"
2283;"Натал"
2284;"Пуэрто-Ла-Крус"
2285;"Лос-Кокос"
2286;"Чичиривиче"
2287;"Турьямо"
2288;"Пуэрто-Сукре"
2289;"Бергантин"
2290;"Пертигалете"
2291;"Карупано"
2292;"Пуэн-А-Питр"
2293;"Карипито"
2294;"Гуанта"
2295;"Пуэрто-Кабельо"
2296;"Харви (Алюкруа)"
2297;"Фредерикстед"
2298;"Сент-Томас"
2299;"Кристианстед"
2300;"Лаймтри-Бей (Ховик)"
2301;"Линден"
2302;"Бас-Тер"
2303;"Чамперико"
2304;"Сан-Хосе"
2305;"Санто-Томас-Де-Кастил"
2306;"Пуэрто-Барриос"
2307;"Кайенна"
2308;"Тела"
2309;"Пуэрто-Кортес"
2310;"Сан-Лоренсо"
2311;"Ла-Сейба"
2312;"Сент-Джорджес"
2313;"Пуэрта-Плата"
2314;"Рио-Хайна"
2315;"Аина"
2316;"Бараона"
2317;"Сан-Педро-Де-Макорис"
2318;"Хартс-Контент"
2319;"Крофтон"
2320;"Уинсор"
2321;"Кантри-Харбор"
2322;"Туиллингейт"
2323;"Труа-Ривьер"
2324;"Уобана"
2325;"Черчилл-Харбор"
2326;"Шикутими"
2327;"Грос-Какоуна"
2328;"Норт-Сидни"
2329;"Сен Пьер"
2330;"Холируд"
2331;"Харриет-Харбор"
2332;"Торонто"
2333;"Эскуаймолт"
2334;"Комокс-Харбор"
2335;"Чемайнес"
2336;"Годрич"
2337;"Гранд-Банк-Харбор"
2338;"Гус-Бей"
2339;"Дипо-Харбор"
2340;"Квебек"
2341;"Кингстон"
2342;"Виктория"
2343;"Коллингвуд"
2344;"Бе-Комо"
2345;"Корнуолл"
2346;"Мидленд"
2347;"Мишипикотен-Харбор"
2348;"Нанаймо"
2349;"Нью-Уэстминстер"
2350;"Оквилл-Харбор"
2351;"Оуэн-Саунд"
2352;"Тахсис"
2353;"Китимат"
2354;"Порт-Альфред"
2355;"Тандер-Бей"
2356;"Тадуссак"
2357;"Сорель"
2358;"Сет-Иль"
2359;"Сент-Катеринс"
2360;"Сарния"
2361;"Прескотт"
2362;"Гамильтон"
2363;"Порт-Картье-Харбор"
2364;"Порт-Алис"
2365;"Порт-Алберни"
2366;"Пойнт-Эдуард"
2367;"Пикту"
2368;"Пауэлл-Ривер"
2369;"Парри-Саунд"
2370;"Ошен-Фолс"
2371;"Амерстберг"
2372;"Амерст-Харбор"
2373;"Порт-Кредит"
2374;"Тунас-де-Саса"
2375;"Плая-Флорида"
2376;"Бока-Гранде"
2377;"Карденас"
2378;"Хукаро"
2379;"Санта-Лусия"
2380;"Кабаньяс"
2381;"Байя-Онда"
2382;"Сейба-Уэка"
2383;"Сан-Рамон"
2384;"Пилон"
2385;"Пуэрто-Манати"
2386;"Санта-Крус-дель-Сур"
2387;"Пунта-Горда"
2388;"Моа-Моа"
2389;"Баракоа"
2390;"Фельтон"
2391;"Престон (Гуатемала)"
2392;"Никаро"
2393;"Банес"
2394;"Медиа-Луна"
2395;"Гуаябаль"
2396;"Манопла"
2397;"Касильда"
2398;"Танамо"
2399;"Пуэрто-Вита"
2400;"Акапулько"
2401;"Коацакоалькос"
2402;"Салина-Крус"
2403;"Сан-Карлос"
2404;"Санта-Росалия"
2405;"Пуэрто-Сандино"
2406;"Пуэрто-Кабесас"
2152;"Кириги"
2149;"Гавуту"
2409;"Матарани"
2410;"Гуаника (о.Пуэрто-Рико)"
2411;"Гуаянилья (о.Пуэрто-Рико)"
2412;"Тальябоа (о.Пуэрто-Рико)"
2413;"Вье-Фор"
2414;"Кастри"
2415;"Чикаго"
2416;"Такома"
2417;"Нью-Бедфорд"
2418;"Эверглейдс"
2419;"Чатем"
2420;"Эри"
2421;"Олимпия"
2422;"Толидо"
2423;"Милуоки"
2424;"Кливленд"
2425;"Кеноша"
2426;"Дулут-Сьюпириор"
2427;"Юрика"
2428;"Скагуэй"
2429;"Сакраменто"
2430;"Батон-Руж"
2431;"Саванна"
2432;"Бернсайд"
2433;"Галвестон"
2434;"Корпус-Кристи"
2435;"Мобил"
2436;"Кус-Бей"
2437;"Лонгвью"
2438;"Детройт"
2439;"Паранам"
2440;"Парамарибо"
2441;"Скарборо"
2442;"Колония-Дель-Сакрамен"
2443;"Фрай-Бентос"
2444;"Пайсанду"
2445;"Нуэва-Пальмира"
2446;"Гуаякан"
2447;"Арика"
2448;"Сан-Висенте"
2449;"Кальдера"
2450;"Пуэрто-Боливар"
2451;"Ла-Либертад"
2452;"Порт-Кайзер"
2453;"Очо-Риос"
2454;"Лусеа-Харбор"
2455;"Дисковери (Драй-Харбор"
2456;"Эскивел"
2457;"Дуррес"
2458;"Гент"
2459;"Брюссель"
2460;"Суонси"
2461;"Порт-Блайт"
2462;"Пензас"
2463;"Ньюпорт"
2464;"Лит"
2465;"Хартлпул"
2466;"Блайт"
2467;"Хамбер"
2468;"Беркенхед"
2469;"Ардроссан"
2470;"Тайн"
2471;"Терсо"
2472;"Гул"
2473;"Тиспорт"
2474;"Хольтенау"
2475;"Норденхам"
2476;"Лаврион"
2477;"Элефсис"
2478;"Патры"
2479;"Кавала"
2480;"Итея"
2481;"Волос"
2482;"Александруполис"
2483;"Родос"
2484;"Айде (Фарер.о-ва)"
2485;"Тверо (Фарер.о-ва)"
2486;"Коллинг"
2487;"Корсер"
2488;"Лимерик"
2489;"Вестманнаэйяр"
2490;"Сейдауркроукюр"
2491;"Нордфьордур"
2492;"Кефлавик"
2493;"Дальвик"
2494;"Грюндарфьордур"
2495;"Рейдер-Фьорд"
2496;"Оулафсфьордур"
2497;"Альмерия"
2498;"Пальма"
2499;"Арбатакс"
2500;"Кальяри"
2501;"Пьомбино"
2502;"Сиракузы"
2503;"Тернезен"
2504;"Шевенинген"
2505;"Копервик"
2506;"Арендаль"
2507;"Ванне"
2508;"Верей"
2509;"Эдей"
2510;"Дюре"
2511;"Флуре"
2512;"Лейрвик"
2513;"Молде"
2514;"Мосс"
2515;"Мушеэн"
2516;"Рисер"
2517;"Сарпсборг"
2518;"Сеньесфен"
2519;"Стаймишен"
2520;"Стейнешеэн"
2521;"Стокмаркнес"
2522;"Грюллефьорд"
2523;"Тофте"
2524;"Эксфьорд"
2525;"Тенсберг"
2526;"Нью-Олесунн (Шпицберг.)"
2527;"Кеми"
2528;"Каскинен"
2529;"Ханко"
2530;"Рахе (Брахестад)"
2531;"Мянтюлуото (Пори)"
2532;"Порккала (Кантвик)"
2533;"Нантали (Нодендаль)"
2534;"Оулу (Улеаборг)"
2535;"Порво (Сколдвик)"
2536;"Ла-Паллис"
2537;"Лулео"
2538;"Умео"
2539;"Евле"
2540;"Остров Сварте"
2541;"Норчепинг"
2542;"Карлстад"
2543;"Карлсхамн"
2544;"Кальмар"
2545;"Чепинг"
2546;"Оскарсхамн"
2547;"Ландскруна"
2548;"Вестерос"
2549;"Укселесунд"
2550;"Варберг"
2551;"Ньонесхамн"
2552;"Шибеник"
2553;"Плоче (Карделево)"
2554;"Чална"
2555;"Мина-Сальман"
2556;"Бахрейн"
2557;"Ситуэ (Акьяб)"
2558;"Бассейн"
2559;"Моламьяйн (Моулмейн)"
2560;"Бандар-Сери-Бегаван"
2561;"Лутонг"
2563;"Сериа"
2564;"Бентхюи"
2565;"Камфа"
2566;"Хонгай"
2567;"Эйлат"
2568;"Хайфа"
2146;"Аола"
2570;"Халдия"
2571;"Порбандар"
2572;"Порт-Блэр"
2573;"Парадип"
2574;"Нью-Мангалуру"
2575;"Мармаган"
2576;"Беди"
2577;"Тернате"
2578;"Баликпапан"
2579;"Чилачап"
2580;"Сунгайпакнинг"
2581;"Телукбаюр"
2582;"Танджунг-Убан"
2583;"Баньюванги (Мененг)"
2584;"Сабанг"
2585;"Битунг"
2586;"Бонтанг"
2587;"Думай"
2588;"Макасар (Уджунгпанданг"
2589;"Панкалансусу"
2590;"Парепаре"
2591;"Бима"
2592;"Хор-эль-Амая"
2593;"Хор-эль-Кафка (Мина-Эл"
2594;"Умм-Каср"
2595;"Фао"
2596;"Харк"
2597;"Лаван"
2598;"Бушир"
2599;"Бендер-Хамейни"
2600;"Бендер-Махшехр"
2601;"Абадан"
2602;"Хорремшехр"
2603;"Салиф"
2604;"Остров Халуль"
2605;"Умм-Саид"
2606;"Ларнака"
2607;"Василикос"
2608;"Декелия"
2609;"Каравостаси"
2610;"Шуйдун"
2615;"Басо"
2616;"Хуалянь"
2617;"Мукхохан"
2618;"Мина-Эль-Ахмади"
2619;"Мина-Абдаллах"
2620;"Мина-Сауд"
2621;"Эш-Шуайба"
2622;"Сайда"
2624;"Порт-Диксон"
2625;"Тавао"
2626;"Пасир-Гуданг"
2627;"Мири"
2628;"Лимут"
2629;"Куантан"
2630;"Кучинг"
2631;"Келанг"
2632;"Сандакан"
2633;"Мина-Сакр"
2634;"Абу-Даби"
2635;"Джебел-Данна"
2636;"Мубарраз Айленд (Халат"
2637;"Сир-Абу-Нуайр"
2638;"Абу-эль-Бу-Хош"
2639;"Хаур-Эль-Факкан"
2640;"Маскат"
2643;"Кабус (Матра)"
2644;"Бендер-Мишааб"
2645;"Рас-Эль-Хафджи"
2646;"Эль-Джубаиль"
2647;"Янбу"
2648;"Янбу-Пайонир (Янбу Кон"
2649;"Рас-Таннура"
2650;"Самсун"
2652;"Бандырма"
2653;"Гелиболу"
2654;"Гемлик"
2655;"Гиресун"
2656;"Эрегли"
2657;"Муданья"
2658;"Чанаккале"
2659;"Зонгулдак"
2660;"Сан-Фернандо"
2661;"Хондагуа"
2662;"Пулупандан"
2663;"Легаспи"
2664;"Батангас"
2665;"Тринкомали"
2666;"Галле"
2667;"Ишикариван-Шинко"
2668;"Яцусиро"
2669;"Наоэцу"
2670;"Кикума"
2672;"Тихоокеан.С.Кур.№2"
2673;"Ивакуни"
2674;"Каммон"
2675;"Офунато"
2676;"Киире"
2677;"Явата"
2678;"Миике"
2679;"Мисуми"
2680;"Хососима"
2683;"Мияко"
2684;"Хигаси-Харима"
2685;"Фусики-Тояма"
2686;"Токуяма-Кудамацу"
2687;"Тобата"
2688;"Саики"
2689;"Ономити-Итодзаки"
2690;"Гранитный"
2691;"Чаваньга"
2692;"Чапома"
2693;"Ома"
2694;"Индига"
2695;"Амбарчик"
2696;"Кетчикан (США з.ч)"
4002;"Сокчхо/Южная Корея/"
4003;"Наха/Япония в.ч.1/"
3324;"Ванинский торговый порт"
7178;"Гренада"
7179;"Сент-Люсия"
7180;"Суринам"
7181;"Албания"
7182;"Бруней"
7183;"Оман"
2099;"Вевак"
2100;"Джаяпура"
2101;"Дрегер"
2102;"Кавиенг"
2103;"Лангемак"
2104;"Лаэ"
2105;"Маданг"
2106;"Мутури"
2107;"Питер-Хейвен"
2108;"Самарай"
2109;"Соронг"
2110;"Милн"
4004;"Дуншань/Китай (КНР)"
2702;"Наха/Япония в.ч.1/"
4001;"Сирача/Таиланд/"
4005;"Имару/Япония з.ч./"
4006;"Лайджоу/Китай (КНР)/"
2642;"Карагин.№2 (СЗТО)"
2651;"Петр.-Командор.№1 (СЗТО)"
2671;"Тихоокеан.С.Кур.№1 (СЗТО)"
2681;"Охотомор.С.Кур.№1 (СЗТО)"
2682;"Охотомор.С.Кур.№2 (СЗТО)"
1971;"Суртланн/Норвегия с.ч./"
2042;"Гриллефьорд/Норвегия с.ч./"
1458;"Порсгрунн/Норвегия ю.ч./"
1722;"Камаиси/Япония в.ч.1/"
1758;"Уно (Тамано)/Япония в.ч.1/"
4017;"Донгьен /Корея"
4000;"Мурманский торговый порт /СБ/"
998;"Баренц.море в целом (СВА)"
4018;"Озерский/Россия (о.Сахалин)"
3329;"Ланшан/Китай/"
3328;"Чинхэ /Ю.Корея/"
4019;"Вэйхай/КНР/"
4020;"Ракушка (Россия) /ДВ"
3000;"Жангджиаган/Китай (КНР)/"
2699;"Луисберг (Луисбург)/Канада в.ч.1/"
4021;"Pyeong Taek/Южная Корея/"
4022;"Сизиман/ДВ/"
4023;"Шатьян/Китай/ (КНР)"
4025;"Джиангджин/Китай (КНР)/"
4030;"Девятый Вал (Прим. кр.)/ДВ/"
4031;"Ливадия-ДВ (Прим. кр.)/ДВ/"
4026;"Нельма/Россия ДВ/"
4027;"Пенлай/Китай/"
4024;"Лонкоу/Китай/"
2703;"Валдиз/Залив Аляска США/"
3330;"Луньское/Восточный Сахалин/ДВ"
2698;"Лаэ/Новая Гвинея/"
2732;"Янский /Россия ДВ/"
2701;"Киран/Россия/ДВ/"
2773;"Rizhao (Джичджао)/Китай"
8900;"НИР"
8100;"Зоны ответственности рыбводов"
8300;"Охранные зоны"
8600;"Граница ИЭЗ РФ"
8500;"Границы Территориальных вод"
8101;"Зона ответственности Приморрыбвода"
8102;"Зона ответственности Охотскрыбвода"
8103;"Зона ответственности Сахалинрыбвода"
8104;"Зона ответственности Севвострыбвода"
8210;"Восток-10"
8211;"Восток-11"
8212;"Восток-12"
8209;"Восток-9"
8214;"Восток-14"
8215;"Восток-15"
8213;"Восток-13"
8208;"Восток-8"
8207;"Восток-7"
8206;"Восток-6"
8204;"Восток-4"
8219;"Восток-19"
8203;"Восток-3"
8202;"Восток-2"
8201;"Восток-1"
8205;"Восток-5"
8243;"Запад-3"
8217;"Восток-17"
8251;"Юг-1"
8216;"Восток-16"
8242;"Запад-2"
8241;"Запад-1"
8232;"Север-2"
8231;"Север-1"
8222;"Восток-22"
8221;"Восток-21"
8220;"Восток-20"
8218;"Восток-18"
8301;"Командорский заповедник"
8909;"Камчатка УВ-6"
8901;"Камчатка-1"
8902;"Камчатка-2"
8903;"Камчатка-3"
8904;"Камчатка УВ-1"
8905;"Камчатка УВ-2"
8906;"Камчатка УВ-3"
8907;"Камчатка УВ-4"
8908;"Камчатка УВ-5"
8200;"Контрольные точки"
4032;"Намиката (Namikata)/Япония"
3331;"Pulupandan/Филлипины"
2704;"Нахари (Япония)"
206;"Подзона Баренцево море (Норвегия к.)"
207;"Подзона Норвежское море (Норвегия к.)"
208;"Подзона Северное море"
3098;"Кировский/ДВ/"
3060;"Беринговский/ДВ/"
1271;"Ким-Чхэк/КНДР/"
2623;"Тайчжоу/Китай (КНР)/"
421;"Чудское и Теплое озера"
429;"Псковское озеро"
2720;"Мукхо/Южная Корея/"
1000;"Буайан /Филиппины/"
8105;"Зона ответственности Амуррыбвода"
8303;"Остров ""Гаврюшкин камень"""
8304;"Остров ""Шумшу"""
8305;"Остров ""Уташуд"""
8306;"Остров ""Верхотурова"""
8307;"Запретная ""Камбальный-Лопатка"""
8308;"Запретка ""Кроноцкого заповедника"""
8309;"Запретный ""Поворотный-Лопатка"""
2697;"Ишигаки (Япония)"
2700;"Акутан (США з.ч)"
2705;"Порт-Алберни (Alberni)  /Канада/"
2706;"Zhoushan /Китай/"
2707;"Порт-Анджелес /США/"
2708;"Портпункт Невельск-Заречье /ДВ/"
4028;"Люйшунь /Китай/"
3246;"Могильное/СБ/"
535;"Западная Гренландия (к сев. от 68 с.ш.)"
536;"Западная Гренландия (к югу от 68 с.ш.)"
9011;"Дальневосточный бассейн"
432;"Море Лаптевых"
433;"Пясина"
434;"Хатанга"
2709;"Калвхолмен/Финляндия/"
2710;"Сент-Андрус/Канада/"
2711;"Хуннестед/Дания/"
2712;"Калис/США/"
2713;"Кашеу/Гвинея-Бисау/"
2714;"Фалькенберг/Швеция/"
2715;"Саннесшеэн/Норвегия с.ч/"
997;"Балтийское море в целом (СВА)"
2716;"Daesan /Южная Корея/"
2717;"Mariveles /Филиппины/"
2718;"Хольстейнсборг/Гренландия, Западный берег/"
3332;"Портпункт Дунай/ДВ/"
3333;"Портпункт Новое Устье/ДВ/"
2719;"Накнек/США/Аляска/"
9002;"Район регулирования НЕАФК"
9001;"Район регулирования НАФО"
9012;"Северный бассейн"
9013;"Западный бассейн"
9015;"Волжско-Каспийский бассейн"
2723;"Коллафьордур (Фар. о-ва) /Дания/"
431;"Чукотское море"
2724;"Дачаншаньдао /Китай (КНР)/"
435;"Восточно-Сибирское море"
538;"Долфинстранд (юго-западная Африка) /Намибия/"
3334;"Дальнегорск/ДВ/"
2725;"Каракас/Венесуэла"
2726;"Тромвик/Норвегия"
2727;"Траена /Норвегия с.ч/"
2728;"Тюборён/Дания"
2729;"Каписигдлит/Дания"
2730;"Хёне о./Швеция"
2733;"Дандонг /Китай (КНР)/"
2734;"Мейныпильгыно/ДВ/"
9014;"Азово-Черноморский бассейн"
3335;"Портпункт Золотой мыс (п.Адими)/ДВ/"
9003;"Антком"
256;"С.Антарк. (АИО)"
257;"Содруж.м. (АИО)"
258;"банки Обь и Лена (АИО)"
2735;"Дейован/Китай (КНР)/"
1232;"Даугавгрива/Латвия/"
436;"Подзона Баренцево море (о.Шпицберген)"
437;"Подзона Норвежское море (о.Шпицберген)"
9004;"ЮТО"
2736;"Горячие Ручьи/СБ/"
2737;"Калдбак (Фарер.о-ва) /Дания/"
12102;"Б. Еравное"
12218;"озера юга Тюменской области"
12106;"бессточные озера (субъекта РФ)"
12108;"Воже"
12110;"Галичское"
12112;"Голодная губа"
12114;"Гусиное (Новосибирская область)"
12116;"Гусиное (Республика Бурятия)"
12118;"Котокель"
12120;"Кубенское"
12853;"бассейны рек Анадырского лимана"
12124;"Лысый лиман"
12126;"Мокрая Буйвола"
12128;"Невское"
12130;"Плещеево"
12132;"Селигер"
12134;"Стройманыч"
12136;"Сямозеро"
12138;"Таймыр"
12140;"Тунайча"
12142;"Хорошее"
12144;"Цаган-Нур"
12200;"Чухломское"
12202;"Баунтовские"
12204;"Еравнинские"
12206;"Ивано-Арахлейские"
12208;"Карасукские"
12210;"Мензелинские"
12212;"Сарпинские"
12214;"Состинские"
12216;"Изолирован.тундр.озера(без оз.Голодная губа)"
12300;"озера бассейна реки Енисей"
12302;"озера бассейна реки Обь"
12304;"озера бассейна реки Пясина"
12306;"озера бассейна реки Таймыр"
12308;"озера бассейна реки Хатанга"
12310;"озера бассейна реки Чулым"
12312;"озера Волго-Ахтубинской поймы"
12400;"Алазея"
12402;"Анабар"
12404;"Анадырь"
12406;"Ангара"
12408;"Ахтуба"
12410;"Великая"
12411;"Волга"
12412;"Волга и ее водотоки"
12414;"Вятка"
12416;"Днепр"
12418;"Жиздра"
12420;"Западная Двина"
12422;"Зуша"
12424;"Канчалан"
12426;"Клязьма"
12430;"Мезень"
12440;"Ока"
12442;"Оленек"
12444;"Омолой"
12446;"Онега"
12448;"Поронай"
12450;"Раздольная"
12452;"Туманская"
12454;"Угра"
12458;"Уссури"
12460;"Хатырка"
12462;"Хрома"
12464;"Чондон"
12466;"Шуя"
12468;"Яна"
12470;"притоки Вятки"
12500;"реки бассейна реки Енисей"
12502;"реки бассейна реки Обь"
12504;"реки бассейна реки Пясина"
12506;"реки бассейна реки Таймыр"
12508;"реки бассейна реки Хатанга"
12510;"реки бассейна реки Чулым"
12600;"реки бассейна Баренцева моря"
12602;"реки бассейна Белого моря"
12604;"реки бассейна Карского моря"
12650;"речная система Печоры"
12652;"речная система Северной Двины"
12654;"речная система Мезени"
12656;"речная система Онеги"
12658;"система рек Амур и Зея с притоками"
12700;"Белгородское"
12702;"Кубанское (Большое)"
12704;"Бурейское"
12706;"Вазузское"
12708;"Варнавинское"
12710;"ВДСК(водохранилища Волго-Дон.судоход.канала)"
12712;"Берешское"
12714;"Верхневолжское"
12716;"Веселовское"
12718;"Вилюйское"
12720;"Водлозерское"
12722;"Волчьи ворота"
12724;"Воткинское"
12726;"Выгозерское"
12728;"Вышневолоцкое"
12730;"Десногорское"
12732;"Железногорское"
12734;"Зейское"
12736;"Иваньковское"
12738;"Ириклинское"
12740;"Иркутское"
12742;"Камское"
12744;"Кармановское"
12746;"Краснодарское"
12748;"Красноярское"
12750;"Крюковское"
12752;"Курейское"
12754;"Любовское"
12756;"Нарвское"
12758;"Новотроицкое"
12850;"бассейн реки Амур"
12852;"бассейн реки Анадырь (с Анадырским лиманом)"
12854;"бассейн реки Великая"
12856;"бассейн реки Волга"
12858;"бассейн реки Енисей"
12860;"бассейн реки Канчалан(с Канчаланским лиманом)"
12862;"бассейн реки Мезень"
12864;"бассейн реки Обь"
12866;"бассейн реки Печора"
12867;"бассейн реки Пясина"
12868;"бассейн реки Раздольная"
12870;"бассейн реки Сал"
12872;"бассейн реки Северная Двина"
12874;"бассейн реки Таймыр"
12876;"бассейн реки Туманская"
12878;"бассейн реки Уссури"
12879;"бассейн реки Хатанга"
12880;"бассейн реки Чулым"
12881;"бассейн реки Хатырка"
12760;"Отказненское"
12762;"Павловское"
12764;"Сурское (Пензенское)"
12766;"Пролетарское"
12768;"Пронское"
438;"Рыбинское, Моложский плес"
439;"Рыбинское, Шекснинский плес"
12774;"Саяно-Шушенское"
12776;"Сегозерское"
12778;"Старооскольское"
12780;"Топо-Пяозерское (Кумское)"
12782;"Угличское"
12784;"Усть-Илимское"
12786;"Усть-Манычское"
12788;"Хантайское"
12790;"Черепетское"
12792;"Чограйское"
12794;"Шатское"
12796;"Шекснинское (речная часть)"
12798;"Шекснинское (Белое озеро)"
12800;"Щекинское"
12802;"Юшкозерское (озеро Куйто)"
12804;"Яузское"
466;"лиманы, заливы"
12900;"Азово-Кубанские"
12902;"Ахтарско-Гривенские"
12904;"Горьковские"
12906;"Жестерские"
12908;"Кизилташские"
12910;"Миусский лиман"
12912;"Сладковские"
13110;"хозяйства на водохранилищах"
905;"другие пресноводные водоемы"
13002;"водоемы Самарского Заволжья"
13004;"водоемы Саратовского Заволжья"
13006;"водоемы Саратовского Правобережья"
13008;"водоемы комплексного назначения"
12314;"Мейныпильгынская озерно-речная система (МОРС)"
13012;"басс. внут. водн.объект. яп.мор.побер(без р.Раздольная)"
13014;"Эстуарно-прибрежн.системы и континент.водоемы"
12890;"водн.объекты Вост.-Чукотского рыбохоз.района"
12891;"водн.объекты Зап.-Чукотского рыбохоз.района"
12892;"вод.объекты Корякско-Анадырского рыбохоз.р-на"
12893;"водн.объекты Чаунского рыбохозяйствен.района"
12894;"водные объекты Юга Тюменской области"
12396;"озера (субъекта РФ)"
12398;"малые озера (субъекта РФ)"
12696;"реки (субъекта РФ)"
12846;"водохранилища (субъекта РФ)"
12848;"прочие водохранилища (субъекта РФ)"
89;"водоемы (субъекта РФ)"
12512;"Реки бассейна реки Дон"
12514;"Реки бассейна реки Волга"
12472;"реки Пенжинской губы"
12895;"реки Олюторского района"
12453;"Томь"
12413;"Верхняя, Средняя и Нижняя Терси"
12465;"Чулым"
12423;"Иртыш"
12737;"Имандровское"
12711;"Верхне-Туломское"
12757;"Нижне-Туломское"
12715;"Верхне-Териберское"
12777;"Серебрянское"
12765;"Пиренгское"
12745;"Княжегубское"
12739;"Иовское"
12139;"Телецкое"
12141;"Узункель"
12137;"Талдукель"
12133;"Сорулукель"
12143;"Умбозеро"
12121;"Ловозеро"
12119;"Колозеро"
12109;"Вялозеро"
12117;"Канозеро"
12201;"Чудзьярв"
12147;"Талванд"
12129;"Песочное"
12127;"Мунозеро"
12193;"Бабье"
12135;"Сейдозеро"
12149;"Среднее Ондомское"
12151;"Енозеро"
12889;"бассейн озера Ханка"
13010;"водоемы Тугуро-Чумиканского района"
12851;"бассейн реки Ангара"
12882;"бассейн реки Лена"
12884;"бассейн реки Вилюй"
12914;"Черноерковские"
12916;"Куликово-Ордынские"
12918;"Куликово-Курчанские"
12920;"Большой Ахтанизовский"
12883;"бассейн реки Нижняя Тунгуска"
467;"Бассейны водных объектов"
12005;"Бассейны рек"
12006;"Бассейны озер"
12007;"Реки бассейнов рек, озер"
12008;"Реки бассейнов морей"
12009;"Речные системы"
12010;"Озера бассейнов рек"
12131;"Поронай оз."
12457;"Упа"
12123;"Колвицкое"
2738;"Томра/Норвегия ср часть/"
12797;"Шекснинское"
12432;"Мокша"
12451;"Сура"
12469;"нерестовые реки (субъекта РФ)"
12897;"реки Северного Приморья"
12899;"другие реки (субъекта РФ)"
12100;"Байкал с впад.р.(Селенга,В.Ангара,Баргузин)"
12015;"озера бассейна Баренцева моря"
12753;"Курчатовское"
12755;"Матырское"
12781;"Тургеневское"
12707;"прочие водохранилища (кроме Вазузского)"
12759;"Озернинское"
12770;"Рузское"
12857;"бассейн реки Дон"
12859;"бассейн реки Кама"
12885;"бассейны рек Чулым и Кеть"
12004;"Бассейны морей"
12434;"Неман"
13024;"бассейн Карского моря"
13020;"бассейн Баренцева моря"
13026;"бассейн Каспийского моря"
12896;"малые водоемы (субъекта РФ)"
12898;"реки, озера (субъекта РФ)"
12999;"озера и малые водохранилища (субъекта РФ)"
12516;"реки бассейна реки Вилюй"
12301;"озера бассейна реки Вилюй"
12761;"Новомичуринское"
12415;"Воронеж"
12449;"Сосна"
12861;"бассейн Верхней Камы"
2739;"Офунато/Япония в.ч.1/"
12217;"изолированные тундровые озера"
12099;"Айнское озеро"
12148;"Тымь озеро"
12107;"Вавайские озера"
12697;"реки юга Тюменской области"
12427;"Кубанка"
12409;"Бахтемир"
12455;"река Сейм"
12417;"Вычегда"
12473;"реки лимана реки Амур"
12518;"реки бассейна Онежского озера"
12779;"Тахтамукайское"
12922;"Приморско-Ахтарский лиман"
12924;"лиманы реки Амур"
12926;"Бор-Тимонинский залив"
12928;"Сахалинский залив"
13016;"водоемы Охотского района"
13018;"малоисследованные водоемы Чукотки"
2754;"Эрвик /Норвегия ю.ч/"
12011;"озера бассейнов морей"
4029;"Минькино/СБ/"
2740;"Даесан /Южная Корея/"
2755;"Кларкс Пойнт/Аляска США/"
2745;"Комсомольск-на-Амуре/ДВ/"
3336;"Ямск /ДВ/"
2746;"Бордундваг/Норвегия с.ч./"
2747;"Койда /СБ/"
13022;"бассейн Белого моря"
12447;"Преголя"
12467;"Тугур"
12012;"озера бассейнов озер"
12340;"озера бассейна озера Таймыр"
4033;"Луньянь /Китай/"
2748;"Фу Ан (FU AN) /Китай (КНР)/"
12105;"Вельё"
12199;"Шлино"
12763;"Ондозеро"
2756;"Zhoushan Yuan Ye/Китай(КНР)/"
2757;"Портпункт Сиушань /Китай/"
2749;"Сонгмудао (Songmudao) /Китай/"
2750;"Ситка (Аляска)/США/"
12886;"бассейн реки Тугур"
12887;"бассейн реки Уда"
12888;"бассейн реки Коппи"
12901;"бассейн реки Тумнин"
367;"атолл Суворова (ЦВТО)"
7164;"Абхазия"
2758;"Очамчира /Абхазия/"
2782;"Приморск (Лен. обл) /БМ/"
12751;"Людиновское"
12749;"Кировское"
12667;"Пролетарское: межплотинный участок"
12669;"от Бараниковской плотины до меридиана 42°15'В"
12951;"басс.рек Дон,Миус,Кагальник,Мокрая Чумбурка"
3337;"Взморье/БМ/"
3338;"Хоста/ЧМ/"
3339;"Кудепста/ЧМ/"
12923;"Челбасская группа лиманов"
12911;"Черноерковско-Сладковская группа лиманов"
906;"прочие водотоки"
13111;"самые малые прочие водотоки"
13112;"малые прочие водотоки"
13113;"средние прочие водотоки"
12767;"Можайское"
12741;"Истринское"
12431;"Москва"
12103;"Вашуткины озера"
10017;"Чарлстаун /Сент-Китс и Невис/"
7184;"Сент-Китс и Невис"
2759;"Дине /Ю. Корея/"
10018;"Бастер /Сент-Китс и Невис/"
12303;"озера бассейна реки Печора"
2775;"подзона Приморье-севернее мыса Золотой"
2776;"подзона Приморье-южнее мыса Золотой"
2760;"Ниндэ /Китай (КНР)/"
2761;"Вартдаль/Vartdal/ Норвегия ср.ч./"
12805;"Яченское"
12713;"Богучанское"
12789;"Химкинское"
12863;"бассейн реки Иска"
12865;"бассейн реки Мы"
12125;"Маныч"
12145;"Сенеж"
12122;"Муромское"
12146;"Святое"
12150;"Лекшмозеро"
12115;"Кенозеро"
12511;"реки бассейнов рек Чулым и Кеть"
12311;"озера бассейнов рек Чулым и Кеть"
13009;"искусственные водоемы (субъекта РФ)"
12909;"Обская губа Карского моря"
12913;"Тазовская губа Карского моря"
12915;"Гыданская губа Карского моря"
12917;"Байдарацкая губа Карского моря"
12919;"Юрацкая губа Карского моря"
12921;"Енисейский залив"
12655;"речная система Вычегды"
12717;"водохранилища канала имени Москвы"
12111;"пойменные озера (субъекта РФ)"
2762;"Лонгйир (Шпицберг)/Норвегия с.ч./"
12907;"Пясинский залив Карского моря"
12925;"Хатангский залив моря Лаптевых"
86;"Внутренние воды РФ,за искл.внутр.морск.вод РФ"
3340;"база на реке Опала (ДВ)"
3341;"Бухта Зоркая (о.Танфильева) /ДВ/"
2763;"Лонгян (Longyan) бухта Malan Bay /КНР/"
12013;"Карган"
12014;"Индерь"
12016;"Тандово"
12017;"Журавлинка"
12018;"Б. Песчаное"
12019;"Байдово"
3342;"Красноярск /СБ/"
540;"Подрайон 0 (СЗА)"
541;"Подрайон 1 (СЗА)"
542;"Подрайон 2 (СЗА)"
543;"Подрайон 3 (СЗА)"
544;"Подрайон 4 (СЗА)"
545;"Подрайон 5 (СЗА)"
546;"Подрайон 6 (СЗА)"
5401;"микрорайон 0-A (СЗА)"
5402;"микрорайон 0-B (СЗА)"
5412;"Микрорайон 1B (СЗА)"
5413;"микрорайон 1C (СЗА)"
5414;"Микрорайон 1D (СЗА)"
5416;"Микрорайон 1F (СЗА)"
5421;"Микрорайон 2G (СЗА)"
5422;"Микрорайон 2H (СЗА)"
5423;"Микрорайон 2J (СЗА)"
5431;"Mикрорайон 3K (СЗА)"
5432;"Микрорайон 3L (СЗА)"
5434;"Микрорайон 3N (СЗА)"
5435;"Микрорайон 3O (СЗА)"
5436;"Микрорайон 3P (СЗА)"
5441;"Микрорайон 4S (СЗА)"
5442;"Микрорайон 4T (СЗА)"
5444;"Микрорайон 4W (СЗА)"
5445;"Микрорайон 4X (СЗА)"
5451;"Микрорайон 5Y (СЗА)"
5452;"Микрорайон 5Z (СЗА)"
5461;"Микрорайон 6A (СЗА)"
5462;"Микрорайон 6B (СЗА)"
5463;"Микрорайон 6C (СЗА)"
5464;"Микрорайон 6D (СЗА)"
5465;"Микрорайон 6E (СЗА)"
5466;"Микрорайон 6F (СЗА)"
5467;"Микрорайон 6G (СЗА)"
5468;"Микрорайон 6H (СЗА)"
5443;"Микрорайон 4V (СЗА)"
2764;"Пенанг/Малайзия/"
2765;"Муара/Бруней/"
5411;"Микрорайон 1A (СЗА)"
5415;"Микрорайон 1E (СЗА)"
13114;"Верхнее Ондомское озеро"
13115;"Нижнее Ондомское озеро"
13116;"Каложное озеро"
13117;"Реки бассейна реки Иртыш"
13118;"Реки бассейна реки Таз"
13119;"Водоемы Волго-Ахтубинской поймы"
13120;"Озеро Вуокса"
13121;"Озеро Отрадное"
13122;"Озеро Глубокое"
13123;"Озеро Красавица"
13124;"Озеро Липовское"
13125;"Устья рек Юго-Восточной части Баренцева моря"
13126;"Устья рек Юго-Западной части Карского моря"
13127;"Реки бассейна залива Петра Великого и северного Приморья (без реки Раздольная)"
13128;"Бассейны рек Азовского моря"
13129;"Водные объекты пойменной части реки Дон"
13130;"Бассейн реки Волга Саратовского Правобережья"
13131;"Бассейн реки Дон Саратовского Правобережья"
13132;"Озера бассейна реки Вычегда"
13133;"Озера бассейна реки Мезень"
13134;"Река Нюхча"
13135;"Река Цна"
13136;"Река Ворона"
5007;"Сисякоу(Xixiakou)/Китай (КНР)/"
2562;"Чангсинг Дао (пункт порта Далянь) /Китай (КНР)/"
13137;"Ойбурское"
13138;"У пос. Штормовое"
13139;"Айгульское"
13140;"Керлеутское"
13141;"Акташское"
907;"Пастбищные"
908;"Индустриальные"
12104;"Другие озера (субъекта РФ)"
453;"Кама"
454;"Сыалах"
3343;"Кавказ /ЧМ/"
9000;"Конвенционные районы"
547;"подзона Черное море восточнее меридиана мыса Сарыч"
548;"подзона Черное море западнее меридиана мыса Сарыч"
3120;"Малокурильское/ДВ/"
2766;"Утиноми (Uchinomi) /Япония/"
1326;"Фучжоу/Китай (КНР)/"
2408;"Альмиранте"
2569;"Коччи (Кочин)"
3344;"Саратов"
444;"Джарылгач"
445;"Каменик"
446;"Мойнакское"
447;"Ниджили"
448;"Соленое (Республика Крым)"
449;"Соленое (Ставропольский край)"
455;"Ярылгач"
456;"Яхробольское"
457;"Ветлуга"
458;"Соть"
459;"Тымь"
460;"Унжа"
12020;"реки бассейна реки Лена"
469;"Бытошское"
470;"Челнавское"
471;"Шушпанское"
472;"Малое на реке Вихорка"
12101;"Бассейн озера Таймыр"
12113;"Бассейн реки Вычегда"
262;"Подзона Баренцево море района Северного Ледовитого океана"
520;"Черное море (Абхазия)"
468;"Подрайон «Арктический»"
473;"Подзона Гренландское море (архипелаг Шпицберген)"
12309;"озера бассейна реки Таз"
12315;"бассейн реки Малый Анюй"
12316;"бассейны прочих водных объектов ЧАО (включая бассейн р. Большой Анюй)"
12317;"озеро Ваамочка"
12318;"бассейн Чукотского моря и Чукотской зоны"
12319;"бассейн  Восточно-Сибирского моря"
5440;"Микрорайон 4R (СЗА)"
9005;"Район Регулирования Смешанной Российско-Норвежской комиссии по рыболовству"
539;"Чжанцзяган/Китай (КНР)/"
3345;"Лиинахамари/СБ/"
549;"Черное море восточнее меридиана 36°35'00' в.д."
550;"Черное море в районе, ограниченном с востока меридианом 36°35'00' в.д. и с запада меридианом, проходящим через мыс Сарыч"
